"ID","2003_FT","2003_PT","2004_FT","2004_PT","2005_FT","2005_PT","2006_FT","2006_PT","2007_FT","2007_PT","2008_FT","2008_PT","2009_FT","2009_PT","2010_FT","2010_PT","2011_FT","2011_PT","2012_FT","2012_PT","2013_FT","2013_PT","2014_FT","2014_PT","2015_FT","2015_PT","2016_FT","2016_PT","2017_FT","2017_PT","2018_FT","2018_PT","2019_FT","2019_PT","2020_FT","2020_PT","2021_FT","2021_PT","2022_FT","2022_PT","2023_FT","2023_PT","2024_FT","2024_PT"
100654,75,57,64,45,69,85,70,46,69,0,68,33,69,50,75,50,64,10,68,58,63,50,66,33,58,31,58,31,59,13,61,100,57,67,54,33,58,40,59,25,64,40,70,21
100663,75,54,77,44,77,43,75,30,75,48,80,42,82,57,80,70,79,62,80,61,80,50,83,58,79,61,82,43,84,44,82,46,83,59,86,48,84,60,82,54,82,47,80,47
100706,76,100,76,38,75,41,77,59,77,58,77,44,76,45,75,54,79,50,79,52,81,44,77,62,80,40,83,55,82,38,83,9,83,14,82,25,79,18,80,31,81,28,84,43
100724,54,48,56,24,68,42,56,67,55,69,54,40,53,27,64,42,54,18,62,50,62,30,57,28,60,63,63,38,59,35,59,13,61,54,62,5,64,22,60,20,60,80,70,21
100751,84,71,83,56,86,64,85,52,87,58,84,60,83,49,85,65,86,50,85,63,87,66,87,60,86,47,86,40,87,56,88,64,87,48,87,57,89,54,87,60,86,50,89,50
100760,61,31,97,44,35,29,39,18,63,35,60,21,32,48,60,34,61,36,51,37,43,42,49,51,52,54,62,35,63,40,55,34,59,39,59,38,64,25,62,35,59,44,60,31
101143,48,7,60,24,54,32,58,23,57,34,57,37,65,32,60,35,58,44,52,44,54,45,50,36,56,37,55,23,50,35,55,34,62,44,60,36,66,38,63,46,62,39,63,40
101240,55,39,42,7,60,36,52,35,56,31,57,34,55,46,55,44,54,40,52,40,56,39,53,42,56,45,57,43,59,36,55,50,55,54,54,38,59,33,65,41,59,36,62,37
101286,49,32,55,38,56,37,52,38,57,36,56,36,63,46,57,43,55,45,48,37,56,46,56,46,59,41,61,49,66,42,58,47,60,53,55,46,66,52,65,45,62,40,62,43
101295,63,41,56,43,58,52,64,35,63,41,60,40,61,51,61,58,55,50,62,48,64,54,63,48,60,42,65,49,64,53,63,50,63,51,64,53,64,41,66,49,68,50,66,47
101301,55,30,51,50,59,35,47,38,49,36,51,30,56,34,44,42,49,27,54,27,53,27,61,41,57,39,56,28,59,33,63,19,58,46,57,17,62,41,57,48,65,51,63,36
101462,52,44,52,29,52,30,45,29,98,97,34,37,47,30,43,33,46,44,34,28,42,21,39,25,41,26,36,34,40,30,34,34,41,33,50,27,41,37,47,23,53,36,51,40
101480,67,30,65,26,69,31,68,45,69,53,70,42,68,43,68,69,68,23,67,47,71,30,72,56,74,38,78,46,74,35,75,44,76,46,73,50,69,30,66,28,64,33,65,18
101505,48,36,53,39,57,42,55,40,52,39,49,50,55,38,59,45,49,38,48,41,52,44,56,45,53,44,57,41,57,44,57,42,58,43,59,43,59,43,61,38,58,41,59,44
101514,67,52,57,44,67,57,58,41,61,47,55,64,63,50,66,55,67,54,53,44,57,47,58,45,62,43,63,44,65,47,63,42,65,42,61,40,64,44,64,43,65,45,65,48
101569,53,47,55,47,59,46,66,43,73,65,74,72,54,55,53,54,57,55,43,29,53,24,50,35,54,31,51,36,52,35,51,36,58,30,51,21,62,38,60,32,61,31,59,34
101602,55,17,55,16,55,40,60,44,54,41,57,39,62,27,51,31,52,23,51,37,57,35,60,41,59,56,65,38,66,59,57,52,60,33,66,54,63,46,64,43,62,43,64,39
101709,76,75,74,40,73,50,70,50,75,56,74,67,79,55,72,45,77,57,78,30,74,69,79,42,77,60,73,50,78,50,76,60,74,100,78,18,71,56,73,27,73,25,73,50
101897,42,16,23,16,56,8,54,41,60,41,63,50,67,53,60,40,63,44,60,48,61,48,61,36,60,38,64,53,62,45,64,61,70,50,63,35,71,48,73,58,72,57,69,62
101994,61,48,65,52,58,51,58,55,50,26,85,50,59,53,66,44,75,29,46,40,49,40,57,56,47,40,46,50,47,50,49,29,50,57,69,33,73,14,73,40,77,63,63,43
102067,58,33,57,34,58,34,54,28,56,23,50,100,58,58,56,26,54,32,53,40,58,37,60,41,62,42,65,42,61,42,58,40,66,37,59,38,64,44,62,34,57,33,58,40
102076,61,38,64,41,63,36,64,46,64,40,58,49,66,49,64,38,67,46,63,35,59,40,62,45,62,33,61,27,61,34,62,39,62,37,60,32,71,37,64,30,69,35,68,35
102313,42,41,52,34,36,40,40,32,37,32,54,34,63,45,60,44,51,37,45,31,50,40,55,36,53,29,62,48,60,43,53,36,54,40,51,23,60,29,58,35,50,23,51,33
102368,65,36,72,54,68,52,69,39,68,41,75,31,72,75,73,34,74,37,72,42,74,42,75,38,79,37,74,40,70,37,73,33,75,40,77,38,74,29,75,29,73,39,71,29
102429,64,65,65,43,58,44,61,47,60,42,61,37,60,47,62,46,57,48,53,46,58,36,61,44,56,49,60,52,54,48,61,45,63,53,59,51,67,58,66,65,67,54,66,57
102711,79,90,93,100,81,75,86,96,85,100,90,100,87,92,88,100,90,100,85,100,100,100,100,100,100,100,94,100,83,100,94,97,96,98,81,100,94,100,85,78,90,93,92,99
104160,63,37,64,43,54,42,56,37,55,37,55,43,61,39,63,40,63,41,64,40,62,41,60,41,70,41,68,45,64,40,66,43,64,49,61,41,66,51,63,42,68,42,67,50
104179,77,59,79,48,79,51,79,45,80,51,79,52,78,58,77,36,77,48,80,54,81,59,82,63,80,63,80,64,83,62,81,64,83,67,85,67,84,63,86,67,88,68,83,52
104346,53,34,57,30,54,26,48,29,49,31,56,33,55,33,59,31,62,35,57,33,49,26,48,33,53,31,49,32,54,33,54,29,55,35,51,32,59,40,57,35,58,35,61,36
105330,69,50,70,54,69,60,72,53,71,54,69,54,72,62,71,53,73,52,76,60,72,44,74,62,74,56,76,55,76,50,73,49,78,50,76,55,74,45,76,42,73,19,75,26
106245,64,49,64,50,61,47,60,41,59,36,62,27,65,29,64,38,62,41,67,46,70,47,71,56,72,29,68,35,69,43,68,40,66,39,73,76,65,47,75,45,71,41,76,50
106412,64,50,62,31,56,20,54,20,57,22,60,13,64,19,57,35,56,14,55,7,56,9,62,18,70,8,70,15,71,22,70,14,72,40,74,29,63,31,59,21,65,27,64,27
106449,64,35,54,32,55,29,39,60,61,33,61,43,64,49,62,41,59,50,56,40,55,44,56,32,59,35,57,31,56,49,66,34,58,33,63,37,57,27,62,40,63,38,62,52
106458,70,42,68,37,65,37,72,34,69,28,68,22,68,38,71,35,71,37,70,42,73,42,75,36,76,35,75,51,73,26,76,32,75,35,79,33,75,37,78,33,78,45,78,53
106467,66,57,69,46,66,50,69,73,66,71,68,83,71,65,74,51,68,56,67,59,69,68,67,61,71,38,69,53,72,43,70,50,70,37,67,38,63,43,63,17,71,50,74,39
106485,54,57,50,36,49,33,48,34,48,32,49,41,50,17,43,9,42,41,41,18,42,35,47,28,45,0,52,20,52,40,61,60,66,0,75,60,69,80,68,100,69,50,72,75
106625,59,50,59,45,53,26,60,50,55,40,63,43,60,50,62,44,59,44,51,38,59,48,54,41,53,44,64,50,54,40,47,40,49,51,48,46,53,33,62,47,59,72,57,65
106704,70,57,70,14,72,32,71,19,71,32,72,30,71,42,73,38,69,0,70,40,70,48,70,36,72,56,73,57,72,62,74,40,75,40,79,50,71,50,74,20,73,75,73,33
106980,46,54,68,57,57,37,52,26,50,32,59,40,58,40,69,42,56,35,57,23,49,33,56,30,52,39,55,36,55,30,54,25,59,26,59,34,60,32,54,35,52,46,51,41
107071,60,10,62,2,64,0,57,41,63,0,56,12,61,17,62,63,58,14,59,0,57,0,60,0,58,17,60,8,65,0,64,0,62,29,61,0,56,20,57,0,59,14,62,7
107318,44,42,45,38,51,24,54,35,42,32,42,30,52,64,47,39,39,24,38,25,40,33,49,34,49,20,46,44,55,43,45,25,41,38,55,36,53,40,72,38,77,49,58,51
107327,50,26,50,44,52,33,49,19,35,27,50,48,55,66,45,45,52,41,74,29,57,32,57,48,55,45,65,43,62,50,56,42,53,48,52,21,54,36,56,42,64,51,64,47
107460,52,46,76,60,56,48,53,44,50,25,69,44,52,36,56,46,54,36,51,28,51,37,50,38,56,37,61,51,52,33,54,46,53,34,58,55,56,33,55,28,59,40,54,44
107521,45,26,54,44,49,32,60,68,56,48,50,44,57,37,54,51,49,32,45,13,49,32,55,48,58,38,55,26,57,43,49,40,53,41,55,19,60,47,51,27,59,46,54,57
107619,58,50,50,43,65,46,52,47,58,24,58,37,60,49,58,34,53,12,54,40,56,22,56,31,60,50,63,38,61,21,54,38,52,28,59,44,67,28,76,62,81,61,66,79
107637,55,45,47,41,48,42,48,42,45,44,65,35,48,20,55,28,49,38,54,45,45,21,50,35,54,26,52,37,63,50,53,35,57,46,42,43,47,33,54,37,40,37,44,42
107725,43,46,47,50,49,45,60,32,52,13,65,20,64,33,58,30,50,37,42,32,53,31,54,35,53,28,64,34,65,67,60,46,63,39,51,39,68,51,67,54,63,54,67,35
107974,50,34,62,42,46,34,49,30,51,37,50,24,49,31,47,40,51,32,51,37,51,39,50,44,51,52,57,30,62,32,50,52,55,51,55,38,50,41,49,52,53,42,57,28
107983,65,50,63,5,64,0,62,25,62,50,56,44,63,40,62,0,60,0,60,50,64,17,63,40,62,60,66,64,66,38,65,33,67,70,72,100,64,13,71,75,69,75,66,21
107992,46,8,56,29,35,37,35,43,28,55,56,30,69,50,62,33,60,47,55,44,57,47,60,27,66,52,72,50,68,10,69,40,83,26,56,30,61,30,57,24,57,38,57,32
108232,64,30,61,31,58,31,67,43,68,37,60,36,57,32,63,37,65,32,72,36,71,41,76,48,76,43,71,37,76,34,78,40,73,38,70,44,69,41,70,40,67,51,75,42
108667,61,29,67,32,57,35,55,29,51,35,50,26,39,16,58,27,58,28,57,30,62,36,64,33,71,35,64,33,54,28,65,33,64,30,51,27,51,35,56,26,56,29,62,32
108807,69,48,70,38,73,43,65,40,70,48,75,36,50,23,73,43,70,42,70,44,72,46,75,54,74,50,74,47,76,50,75,49,67,41,64,35,62,39,65,36,68,37,68,41
109208,62,35,64,41,63,40,65,41,66,42,62,33,44,22,67,39,71,41,70,45,68,44,70,44,73,44,72,43,70,50,71,53,70,50,64,31,69,38,69,40,72,48,72,46
109785,81,67,83,22,83,17,79,27,80,60,82,14,82,33,86,33,88,80,83,60,82,33,85,25,88,86,86,50,83,60,81,22,80,71,76,25,79,25,78,20,84,38,84,43
109907,46,28,57,50,57,31,45,23,51,22,53,28,60,26,42,15,47,25,58,23,54,25,42,24,61,32,63,39,61,27,65,29,58,20,59,29,62,31,64,32,64,37,67,35
110060,87,13,50,56,75,100,75,100,90,82,79,80,83,80,83,80,84,80,91,83,93,75,82,100,68,100,49,33,38,50,38,36,43,33,48,20,47,20,18,0,55,0,45,0
110246,61,41,70,46,64,40,61,36,65,41,70,36,45,27,64,44,69,45,73,47,70,52,70,50,66,48,66,49,67,43,74,47,67,39,64,30,64,30,70,30,67,40,68,42
110334,70,43,66,43,69,42,65,45,70,45,74,38,71,41,71,43,72,44,76,51,74,50,70,48,70,42,73,49,72,48,72,50,73,46,70,38,72,39,74,39,76,54,73,55
110361,70,40,76,50,79,0,78,50,83,25,74,33,71,25,75,57,77,45,78,60,77,48,83,35,76,44,76,53,78,45,76,35,78,25,76,34,79,54,73,33,74,41,74,38
111434,60,38,68,37,68,42,62,33,56,31,64,36,41,25,65,32,65,29,65,32,66,34,64,38,64,38,70,34,66,34,65,39,70,33,63,26,77,38,75,36,77,34,69,35
111461,69,51,68,50,67,48,70,53,64,48,68,32,49,27,72,44,76,55,79,57,76,61,76,54,74,49,76,55,75,46,76,50,77,44,71,39,70,36,71,36,74,32,70,27
111513,72,71,68,75,81,71,81,79,75,77,79,65,82,66,82,64,62,67,92,69,95,91,94,83,90,100,86,92,78,80,87,86,90,100,69,100,83,100,83,100,90,100,88,83
111887,68,43,64,48,61,47,67,46,68,43,71,44,48,29,76,49,72,50,75,51,74,56,63,51,71,56,72,55,76,57,72,49,74,53,71,45,62,44,66,44,67,42,67,44
111896,49,34,59,40,58,31,50,29,55,28,55,23,55,28,51,21,49,20,57,25,58,29,52,29,53,23,59,29,57,27,62,31,61,33,57,33,63,40,45,28,50,25,27,15
111920,72,38,75,41,69,42,69,38,70,37,69,33,70,42,70,39,72,39,71,41,77,47,76,50,76,46,75,49,73,47,76,50,78,50,72,39,71,40,73,42,77,43,70,41
111939,65,43,71,44,67,45,67,44,68,41,73,47,53,31,73,54,75,61,75,59,73,61,72,59,76,60,73,58,68,58,72,56,72,51,67,45,72,48,68,44,66,43,69,47
111948,84,75,88,100,85,100,87,100,87,60,86,67,87,25,93,75,91,100,91,80,91,40,91,80,90,100,89,100,91,60,90,67,91,100,85,75,92,86,91,62,90,60,92,60
112172,64,43,66,48,62,43,59,41,59,41,75,47,73,47,68,57,66,54,74,62,72,63,68,57,67,54,68,55,69,56,75,53,69,51,70,44,71,38,68,48,70,43,70,43
112190,73,42,73,39,75,39,69,37,73,41,76,41,76,40,72,51,73,43,67,40,68,39,70,38,67,35,72,37,72,44,73,40,73,35,70,35,68,37,67,34,62,35,70,41
112385,41,24,59,26,43,26,43,36,55,37,53,28,26,15,55,21,55,27,48,26,61,30,56,32,46,28,53,31,52,29,47,31,48,36,52,26,46,19,55,26,43,25,43,30
112561,59,37,64,36,60,34,65,36,60,39,56,35,51,34,59,16,56,36,57,31,58,37,57,36,57,35,60,39,56,41,58,32,59,40,53,23,55,33,57,23,84,26,58,30
112686,47,28,49,30,54,13,44,13,38,22,46,22,27,13,48,23,53,29,51,27,63,30,62,34,63,32,62,38,61,37,65,30,58,22,42,25,63,34,64,40,53,31,50,26
112826,65,34,68,41,65,48,60,47,69,41,68,37,68,38,63,34,64,35,60,37,67,39,63,35,66,35,68,39,67,46,67,40,71,35,65,31,69,29,65,38,71,36,72,38
113096,62,32,49,28,63,39,68,39,66,42,70,38,46,25,71,40,70,46,73,52,77,50,73,53,70,46,70,47,74,48,71,48,74,44,70,36,71,39,72,41,77,44,74,42
113193,64,39,67,39,64,47,61,39,63,44,65,29,42,23,62,38,67,33,65,35,64,34,66,45,66,37,66,38,67,45,69,36,71,36,70,40,66,39,68,41,69,34,73,39
113218,63,40,57,45,56,36,66,35,66,36,62,33,71,37,68,39,66,39,68,47,72,40,72,47,71,44,72,45,72,40,72,42,69,42,71,44,70,38,77,39,72,39,72,43
113333,74,46,72,28,73,29,63,54,76,41,80,32,53,22,80,44,74,33,77,38,79,37,81,47,81,43,78,48,80,46,79,44,79,44,77,38,79,36,78,38,81,39,76,33
113573,69,44,68,49,70,55,69,43,69,44,66,46,49,30,73,52,69,52,71,56,75,60,74,60,77,61,75,59,73,54,72,47,72,49,68,36,67,42,64,41,67,45,70,44
113634,72,43,70,43,72,49,70,43,71,49,70,43,45,44,77,43,77,47,76,49,72,49,79,51,77,52,79,55,78,56,79,52,77,51,74,46,74,44,80,47,78,50,76,49
113856,73,40,72,44,75,44,72,43,68,41,80,40,75,50,70,36,76,46,75,41,73,48,73,39,74,46,73,41,66,46,70,61,72,39,63,33,66,32,68,33,68,40,65,31
113980,73,46,74,51,72,48,74,48,73,42,74,40,68,46,75,43,75,52,77,54,79,56,76,50,78,49,77,53,78,53,78,50,77,50,71,35,68,36,71,42,71,41,73,32
114266,6,4,79,38,77,56,73,53,79,44,77,35,59,32,74,32,76,35,75,32,74,47,72,47,73,50,79,49,74,51,75,48,70,44,77,44,78,49,78,45,80,47,73,29
114859,65,44,71,44,70,44,68,48,70,49,71,45,71,47,76,55,71,51,77,67,75,63,72,58,76,53,75,54,74,57,70,50,71,54,69,41,68,42,72,40,73,40,72,41
114938,67,48,62,55,69,47,70,50,62,34,65,20,47,21,63,25,69,17,69,18,69,24,71,35,76,45,77,39,72,47,71,49,69,45,65,30,70,29,78,41,75,40,69,39
115001,76,48,73,51,74,51,70,43,75,43,73,48,49,35,49,49,49,45,75,56,77,57,72,54,72,54,75,43,76,51,73,50,78,51,69,44,70,35,68,33,71,42,73,40
115126,66,36,69,43,68,40,68,41,68,45,60,35,47,24,72,41,68,47,76,48,73,53,71,52,70,45,69,51,66,49,72,49,74,46,69,35,67,30,74,36,66,30,70,35
115296,61,44,63,42,61,37,62,42,64,42,59,36,48,27,64,41,64,50,68,50,69,54,68,51,68,55,68,55,70,51,70,48,65,49,68,39,67,42,71,47,70,47,71,49
115393,68,42,72,40,68,42,66,39,72,35,73,29,54,21,71,33,69,24,72,35,73,45,75,32,78,29,76,26,77,31,79,29,73,26,68,13,61,32,72,29,73,32,73,38
115861,70,53,73,61,71,54,77,50,76,47,76,46,59,35,79,57,75,54,74,59,75,60,66,60,77,62,73,54,76,52,77,56,77,61,72,55,77,59,76,55,79,54,76,55
116439,64,41,69,42,67,40,67,40,70,41,71,37,43,25,74,40,75,42,76,46,79,50,79,54,78,48,78,51,77,46,79,49,78,49,80,49,80,45,80,49,77,47,79,44
117052,63,34,65,31,61,36,58,38,67,33,65,36,42,25,64,35,64,44,68,46,67,43,66,44,42,30,65,43,66,46,63,45,65,42,41,22,63,38,59,37,65,38,64,42
117195,52,28,51,28,55,43,55,43,53,36,65,30,44,15,48,24,52,27,57,24,59,31,60,28,51,24,45,24,42,20,53,29,51,25,41,15,44,30,53,20,60,26,44,26
117247,58,35,60,36,63,35,66,29,58,37,50,26,34,19,57,27,59,30,54,29,57,35,56,32,59,36,61,35,62,34,65,40,62,40,53,31,63,35,48,30,56,34,54,30
117274,39,12,43,21,43,21,36,16,42,26,59,23,17,19,35,22,44,15,48,4,47,16,49,11,58,10,52,10,45,11,53,10,48,9,56,11,52,18,50,27,50,21,57,42
117690,70,29,62,39,70,31,66,36,67,35,65,37,69,40,70,44,70,40,70,48,69,54,74,53,74,50,72,46,69,47,70,47,75,34,68,29,72,27,70,25,73,30,72,21
117706,70,42,69,46,69,44,68,46,72,43,74,47,75,46,74,48,74,52,77,55,75,57,75,53,75,52,73,52,76,52,72,50,79,46,73,45,74,45,79,41,76,41,76,40
117715,49,31,61,30,46,27,45,33,43,27,54,28,52,27,55,27,49,34,58,35,60,37,58,36,52,35,59,37,64,37,59,31,56,28,52,23,65,23,65,25,67,31,52,21
117724,58,29,63,32,71,30,57,26,61,25,65,30,55,24,57,28,60,31,60,32,64,37,60,36,63,33,65,35,58,34,61,31,63,31,56,26,61,27,69,32,70,37,65,32
117788,60,34,65,41,65,39,63,39,65,33,67,39,62,34,61,35,67,38,62,37,61,38,63,38,65,37,65,35,64,35,64,35,65,29,60,33,56,24,63,25,65,34,67,27
117894,55,34,62,36,54,42,62,43,64,42,66,37,45,24,67,38,72,40,70,47,72,52,77,53,72,50,74,53,72,57,77,57,73,51,71,45,72,44,71,49,75,47,74,46
118347,62,30,61,39,63,33,58,36,59,32,42,26,40,22,65,39,65,33,62,42,71,35,65,42,70,44,68,34,72,42,80,45,72,40,71,43,69,41,73,44,68,44,71,51
118684,57,41,55,35,62,31,61,34,58,34,58,33,37,22,58,29,64,27,64,42,66,35,58,31,57,36,62,44,67,33,68,34,68,30,52,23,71,28,50,28,42,25,63,32
118718,63,27,68,31,60,31,64,43,35,26,65,27,45,19,68,41,69,38,72,49,74,46,73,47,69,48,70,50,71,45,67,34,68,38,61,35,59,30,69,32,63,32,63,33
118772,57,27,62,30,50,30,54,26,28,31,46,26,31,17,45,25,54,25,58,26,50,28,50,32,54,30,54,30,51,30,59,31,58,26,50,27,51,33,57,26,51,26,55,27
118930,65,33,69,41,70,35,67,38,64,40,63,31,73,33,64,33,69,36,70,35,70,32,69,38,71,39,70,38,67,36,72,49,76,34,73,39,79,42,68,42,79,39,73,30
119067,60,40,65,39,56,34,43,32,64,41,69,26,48,18,68,25,64,29,66,26,66,24,70,14,69,36,69,28,70,39,69,41,70,43,67,27,68,36,67,37,71,45,68,35
119164,73,48,75,55,75,55,71,55,74,51,75,54,78,54,75,56,79,58,79,60,79,59,80,63,79,61,78,62,79,59,80,61,80,61,79,53,76,46,82,54,78,60,77,54
119216,66,37,67,41,59,39,64,39,65,42,65,42,43,28,63,44,68,52,66,55,70,55,68,54,71,49,69,55,69,51,68,50,63,43,65,39,67,46,64,32,71,48,63,40
119331,65,43,82,49,69,36,62,39,70,43,68,38,50,27,72,33,77,47,72,47,76,52,75,52,74,48,79,46,75,52,76,54,77,48,71,34,72,37,74,42,72,43,72,51
120290,75,35,75,41,70,44,74,47,73,43,74,36,53,23,77,29,77,30,78,40,77,42,77,39,80,22,79,26,85,26,80,46,83,56,81,49,82,36,77,39,78,34,74,32
120342,72,47,73,52,73,49,71,49,73,52,65,38,49,29,75,52,77,53,78,56,77,62,76,56,75,51,73,52,74,54,76,51,75,50,73,41,72,48,70,46,73,47,74,51
120421,67,41,64,43,62,32,67,39,67,34,69,40,53,26,64,34,72,39,66,41,69,38,73,42,73,44,73,48,69,50,73,43,72,42,66,42,71,38,71,39,75,41,76,39
120953,61,43,58,43,54,47,46,38,38,35,57,17,34,9,58,25,51,18,57,25,56,17,53,22,47,26,69,20,61,27,60,28,60,30,44,31,51,44,59,44,72,20,52,23
120971,64,35,67,45,67,43,69,38,69,38,69,35,46,22,69,40,66,42,72,45,73,47,71,49,72,45,72,46,71,47,70,40,67,42,67,35,66,38,66,43,71,48,70,39
121044,73,53,75,53,71,49,74,50,73,51,74,51,48,35,79,60,79,58,80,59,64,60,61,55,78,55,78,53,74,55,79,53,79,55,76,47,73,45,78,46,77,47,76,43
121363,71,47,71,42,61,41,43,39,57,37,66,33,66,38,71,36,70,44,70,37,68,42,70,47,70,41,72,40,69,45,72,49,71,44,61,33,62,32,68,29,67,35,51,12
121707,54,36,58,40,57,40,55,36,58,44,63,36,56,35,54,34,52,36,45,49,41,33,58,46,49,35,54,42,55,39,55,44,52,37,51,31,57,32,67,45,65,40,56,39
121901,67,45,67,48,66,48,67,47,67,46,72,44,49,29,48,30,67,49,71,50,67,50,68,49,70,49,71,47,71,52,67,49,70,47,70,41,64,39,69,43,71,46,70,45
122180,60,26,67,32,65,37,65,37,63,30,65,23,44,15,66,24,67,26,70,28,69,27,70,28,67,23,64,24,65,25,69,23,66,20,63,24,68,27,70,28,70,39,69,39
122205,73,47,76,52,74,51,75,47,73,51,75,42,51,31,75,43,76,43,76,48,73,46,77,50,75,50,76,49,77,49,75,45,76,49,75,42,71,42,74,44,75,44,77,39
122339,53,26,56,30,52,22,53,19,59,18,57,19,40,11,62,35,60,36,63,38,67,39,69,39,66,37,64,40,66,38,68,38,66,33,64,33,60,35,63,34,66,34,61,36
122384,61,33,64,26,61,34,59,33,63,37,66,26,44,18,71,34,69,33,70,35,68,40,70,40,70,46,69,45,73,44,74,39,73,42,74,38,74,40,70,40,73,41,72,47
122658,69,41,72,47,73,49,70,45,73,48,73,45,74,46,76,50,78,51,74,52,77,60,77,57,79,57,78,52,79,58,75,55,72,52,66,49,69,43,70,52,70,49,68,45
122746,8,3,57,32,64,31,60,41,63,33,61,30,39,21,59,31,59,28,59,36,62,38,61,41,56,37,59,40,65,43,62,28,63,26,58,28,64,32,68,36,63,35,65,29
122791,73,31,67,32,64,35,67,38,66,40,67,35,43,23,69,36,73,35,74,39,69,43,72,47,72,51,73,48,70,50,71,42,70,37,70,40,78,50,81,53,77,55,73,48
122889,62,47,62,46,61,47,60,50,61,51,66,42,64,40,64,37,62,42,58,40,60,41,50,43,53,39,57,42,60,51,63,53,64,56,63,49,69,46,68,46,61,36,65,51
123013,69,41,65,40,68,40,70,42,71,43,77,36,74,34,75,45,74,45,74,45,74,49,75,50,72,46,73,43,72,46,77,47,75,44,68,35,70,38,66,41,75,45,72,48
123217,66,29,63,30,66,33,59,33,64,32,68,33,45,21,64,37,67,39,68,46,66,41,70,48,68,51,67,48,67,43,66,42,72,46,67,45,64,44,69,51,70,45,71,53
123341,69,48,69,49,72,50,69,47,67,44,71,42,49,28,72,49,72,47,72,52,72,57,67,55,69,49,70,51,72,53,72,51,69,45,69,37,65,41,69,41,69,44,72,46
123484,50,31,48,26,54,8,46,16,51,22,58,20,22,20,57,20,58,28,55,23,54,37,48,11,54,17,51,26,44,13,52,17,55,15,55,12,55,32,49,22,57,8,48,19
123527,74,67,64,41,59,36,56,37,56,42,58,34,44,24,65,40,63,46,67,51,70,55,66,57,67,52,63,48,68,50,65,49,64,47,62,35,58,37,63,51,76,42,81,27
123800,69,43,71,44,71,43,72,39,71,38,59,65,52,32,65,41,70,43,69,40,78,55,71,49,73,49,73,51,74,45,72,52,75,40,73,43,70,41,75,48,77,45,70,39
125028,69,35,69,38,64,39,66,36,67,36,69,35,46,24,69,38,69,39,69,44,68,44,75,45,75,46,71,46,70,46,74,42,76,44,71,35,75,37,76,37,76,42,74,37
125091,63,45,62,45,63,38,59,35,63,40,69,45,45,31,66,43,67,46,65,47,66,46,66,48,62,48,67,50,66,48,68,51,71,47,58,38,67,45,71,51,72,46,71,97
125170,49,30,60,34,49,29,49,26,59,32,39,24,27,17,52,27,57,29,51,32,62,38,53,33,57,31,57,29,57,27,65,38,65,36,66,32,67,34,57,38,66,32,63,36
125462,60,28,71,31,64,27,40,8,60,18,55,20,37,19,56,24,62,24,59,24,58,31,62,24,57,28,66,32,56,40,66,54,65,38,51,28,61,30,61,25,67,33,70,37
125499,65,31,71,44,66,40,65,47,70,38,65,30,75,43,69,31,71,37,74,46,73,42,76,46,77,46,77,44,73,39,75,51,79,43,79,44,77,49,80,38,83,44,78,44
126119,59,26,66,36,60,39,59,35,65,39,50,26,63,30,67,34,63,35,68,37,62,37,65,43,63,41,66,44,64,40,66,50,70,53,60,37,38,38,72,42,71,41,62,44
126207,54,36,46,18,49,21,66,28,30,73,61,44,56,46,53,38,59,41,65,43,54,35,63,52,64,51,74,51,70,50,64,47,76,45,52,34,58,43,58,42,63,41,72,46
126562,66,46,69,51,72,59,71,47,72,58,71,59,70,48,73,58,76,56,71,56,75,46,72,51,68,50,71,46,67,44,72,50,70,43,73,45,75,56,70,50,71,48,73,54
126614,83,42,84,61,83,39,84,61,83,55,84,63,83,39,85,63,84,49,83,38,85,53,84,53,86,55,86,62,87,63,88,64,87,59,85,54,87,66,88,61,89,74,90,60
127556,60,42,58,43,57,22,54,29,60,39,61,27,63,35,66,59,64,36,64,48,65,33,66,27,70,24,73,47,73,33,74,30,74,25,75,45,72,34,76,29,75,48,79,39
127565,62,45,60,46,61,48,62,43,68,56,67,57,67,57,67,56,66,58,65,49,66,48,63,46,70,51,65,45,63,47,65,51,67,47,61,48,63,44,63,43,70,55,63,35
127945,67,50,71,0,64,0,76,25,63,0,69,25,61,25,61,25,59,17,69,100,66,0,53,53,72,40,58,46,52,33,58,67,64,39,58,22,60,24,62,20,58,23,54,28
128391,59,40,61,43,58,31,61,40,59,29,61,43,54,22,59,60,63,14,63,20,68,100,70,67,69,50,69,0,64,0,70,0,65,13,67,50,74,67,77,0,73,67,72,33
130934,67,33,64,24,66,25,63,30,64,40,58,29,66,33,67,44,70,16,60,25,65,39,69,53,72,38,73,40,71,10,72,27,70,14,74,14,75,24,75,13,72,8,70,23
131113,62,28,74,38,69,40,73,58,68,31,72,44,69,24,56,28,58,30,64,36,64,34,61,24,60,27,58,23,66,28,58,25,60,30,50,30,59,23,56,23,54,34,61,31
132602,71,1,72,60,72,32,66,58,76,100,63,71,71,100,68,60,69,0,64,100,63,0,66,33,61,31,63,0,67,33,65,60,54,50,73,0,58,33,51,25,56,27,62,0
132675,84,84,91,91,78,78,92,92,19,94,87,56,100,100,57,100,23,21,19,33,18,11,17,10,4,2,18,35,17,36,30,33,18,38,9,10,43,8,31,0,68,0,64,43
132903,83,78,82,75,83,79,82,81,84,78,86,74,87,77,87,77,87,70,88,72,87,78,88,83,89,81,89,78,90,80,90,82,91,84,92,82,92,83,93,84,92,89,92,88
133669,69,60,71,61,72,50,73,63,74,73,75,61,79,69,80,72,79,73,78,67,77,68,75,69,78,61,77,62,79,64,82,78,81,60,82,59,80,74,81,71,84,78,84,81
134097,86,81,87,81,89,65,88,63,89,60,89,71,91,73,92,64,92,80,91,75,92,69,92,79,93,80,93,79,94,79,93,78,93,83,95,80,94,87,94,82,96,91,96,92
134130,93,87,94,78,94,87,94,85,95,86,95,82,96,84,96,85,95,83,96,75,96,82,96,68,96,72,97,78,96,81,97,81,97,82,97,89,97,91,97,96,97,89,98,72
134228,55,36,72,60,63,63,57,53,63,60,62,100,19,33,19,33,17,100,23,100,19,50,25,50,15,50,17,50,16,50,29,100,38,100,27,40,17,33,18,33,32,33,32,33
134307,13,7,33,85,38,78,73,53,38,39,100,100,58,52,58,52,61,51,56,47,55,45,53,44,62,57,58,57,73,72,87,62,90,61,73,55,100,80,97,93,91,92,83,98
134945,69,20,66,52,66,50,68,42,65,0,60,20,63,25,60,33,60,50,61,78,72,75,73,29,68,20,71,60,71,71,77,0,74,100,69,40,69,38,63,50,75,60,75,80
135179,84,86,81,80,74,75,82,84,71,85,78,65,71,71,57,65,91,65,84,79,76,70,76,75,77,80,81,78,78,70,77,84,82,71,74,72,71,84,79,69,28,46,79,76
135407,78,75,78,80,50,64,77,28,61,27,38,29,42,30,56,53,77,60,81,72,94,71,45,0,85,49,86,52,80,57,87,9,59,64,53,50,74,30,77,50,73,76,78,18
136172,76,26,78,21,75,49,78,66,77,69,78,72,83,82,83,75,81,76,83,52,82,70,83,72,80,66,80,63,81,55,82,59,83,48,84,56,79,61,80,54,81,60,85,65
136215,65,31,67,46,66,41,61,55,60,43,65,63,69,38,69,33,70,36,72,22,71,25,74,21,80,20,75,32,79,25,79,50,81,71,80,50,78,27,78,19,76,22,76,15
139205,46,6,52,15,52,15,56,20,54,7,46,6,51,25,39,50,40,100,42,0,60,100,50,0,42,0,59,100,49,80,42,25,42,0,46,33,46,50,41,88,38,0,48,44
139366,70,62,71,53,70,59,67,49,71,64,69,50,66,67,70,53,70,48,65,37,66,53,72,47,71,70,73,56,76,52,72,19,72,33,75,49,61,33,65,33,73,30,70,27
139931,76,44,79,76,78,81,76,55,79,67,81,38,81,50,80,68,80,56,77,42,80,54,81,44,82,55,81,59,79,40,78,44,78,54,79,42,72,49,72,52,77,47,78,49
139959,93,78,93,79,93,69,93,48,93,78,93,82,94,83,94,78,94,83,94,83,94,100,94,89,95,62,95,85,95,84,95,76,96,96,94,75,95,88,94,91,95,87,94,96
140447,79,63,83,47,80,60,79,66,80,50,78,69,83,63,81,53,83,59,82,54,82,67,80,50,87,71,88,59,86,61,89,79,86,46,87,50,86,57,86,50,83,57,82,56
140951,83,81,81,100,82,80,80,80,80,79,70,57,82,67,82,66,82,58,80,60,81,83,82,73,85,81,85,70,83,69,84,78,84,79,75,73,81,65,81,58,87,71,86,73
141185,73,50,72,67,71,60,71,38,66,73,60,63,70,39,67,71,67,50,68,31,75,40,71,40,66,50,72,64,66,38,61,25,64,0,58,33,57,63,60,22,57,27,63,25
141334,69,38,71,54,71,52,71,46,73,45,75,49,74,71,73,59,74,57,71,31,71,48,74,64,72,58,72,57,72,39,69,54,69,45,73,59,69,52,73,46,76,62,78,62
142115,59,46,63,45,61,38,63,42,64,47,66,43,69,38,69,46,69,49,71,47,71,43,75,40,76,45,78,43,80,44,79,45,79,41,78,39,76,42,79,46,78,44,79,47
142276,58,47,55,38,57,39,54,33,57,38,46,27,60,45,62,50,61,49,62,40,68,42,73,53,72,40,68,36,64,38,63,42,64,30,63,35,67,33,71,29,74,39,72,45
142285,82,58,80,43,78,56,75,47,79,44,77,41,77,33,81,43,80,23,77,33,79,30,77,35,80,31,78,42,82,39,81,10,77,39,77,37,75,42,74,38,75,33,76,18
142328,52,38,59,38,57,49,59,44,55,39,52,32,50,18,52,45,56,39,50,29,60,14,61,17,57,64,58,50,57,36,63,23,60,40,61,22,63,35,63,30,64,25,61,41
144281,58,31,61,32,65,35,66,39,65,39,65,40,63,41,66,50,67,47,63,35,67,36,71,33,69,33,70,32,66,18,68,36,71,27,69,7,62,16,67,13,64,19,66,23
144740,82,28,84,41,84,15,83,38,84,20,85,11,85,0,87,100,86,0,85,67,85,50,87,0,84,25,85,50,84,33,86,0,85,0,83,60,84,13,84,19,87,29,86,75
145600,78,57,77,53,77,53,79,47,79,18,78,32,81,50,82,57,79,42,78,50,80,45,80,28,81,47,80,35,80,42,80,39,79,44,82,54,81,51,78,44,78,54,80,48
145637,93,43,90,100,93,83,93,80,93,64,94,100,93,80,94,29,93,60,94,33,93,57,93,88,93,64,94,83,92,55,93,40,93,67,94,40,93,84,93,83,94,73,95,44
145813,83,100,84,13,85,62,84,56,83,60,83,75,85,83,85,33,85,75,82,44,82,58,81,100,82,50,81,33,81,75,79,68,79,56,84,76,83,41,80,32,81,44,81,50
147536,41,18,42,34,46,27,44,86,100,100,57,0,25,0,0,0,57,80,79,50,72,57,52,0,42,67,74,100,68,50,61,57,58,24,60,19,61,24,61,34,56,44,50,26
147776,69,49,70,50,69,47,66,52,66,46,64,46,67,48,68,41,64,36,62,47,61,23,60,34,61,36,55,27,46,29,49,24,59,42,67,35,61,35,63,19,61,50,52,46
149231,74,1,75,50,75,42,75,37,72,71,73,22,71,25,72,37,70,33,71,41,69,25,73,36,74,30,72,36,73,14,75,30,79,62,78,32,74,36,71,18,72,45,76,55
149550,62,54,63,55,64,56,65,71,56,63,67,65,62,56,68,72,66,67,68,78,61,50,53,50,60,50,58,50,87,57,75,0,88,50,77,71,62,50,67,100,67,67,74,75
149772,76,40,77,33,79,20,73,50,72,40,73,40,74,60,73,0,71,50,68,54,63,60,72,45,68,41,69,36,68,31,65,33,67,44,77,55,72,33,67,29,59,18,61,18
151102,62,47,63,40,64,47,61,48,59,48,63,42,63,46,63,48,58,32,62,32,67,50,68,54,64,52,61,49,58,42,55,43,57,28,65,44,57,21,63,41,64,34,67,36
151111,67,48,66,42,66,46,64,44,62,40,68,41,72,52,74,51,72,57,72,53,72,53,71,54,74,52,74,48,75,48,72,46,73,51,75,57,69,48,71,48,72,56,72,41
151306,63,42,65,40,59,35,64,37,63,29,66,71,68,72,69,55,65,43,67,46,69,46,72,43,71,33,70,43,70,55,72,28,67,59,75,71,69,58,70,55,69,71,75,74
151324,70,25,68,37,66,12,67,38,69,28,66,14,64,30,64,25,58,40,61,44,64,33,64,43,64,75,64,50,68,42,62,43,65,27,69,17,61,43,64,10,69,40,66,60
151333,58,48,57,50,55,49,56,51,52,48,56,35,58,48,61,37,64,41,63,50,61,40,64,44,65,52,63,28,60,54,60,40,64,45,70,27,60,47,64,50,67,40,69,70
151342,69,50,65,52,65,48,61,52,57,38,62,45,67,47,63,48,64,42,63,47,63,51,66,43,66,49,64,51,66,33,63,30,68,33,67,39,54,36,66,32,67,39,65,47
151351,88,51,88,64,87,78,88,57,89,54,90,67,89,100,90,67,89,74,88,68,90,79,89,50,89,89,91,66,91,68,91,62,90,87,91,74,90,64,90,72,91,81,91,63
151360,62,49,61,43,58,45,64,46,53,33,66,49,70,51,69,55,63,45,67,56,68,54,67,54,66,46,65,55,69,38,66,45,64,44,70,53,64,63,68,53,69,62,71,62
151379,67,52,67,48,65,47,59,50,61,49,63,36,63,42,63,55,64,51,59,38,61,46,62,46,62,37,62,39,59,51,59,43,61,31,64,46,58,31,61,33,70,51,64,55
151388,63,39,60,42,55,51,55,41,51,25,63,37,60,51,64,50,66,33,67,68,67,52,63,44,64,33,67,62,66,32,65,47,63,43,67,47,61,41,64,37,63,65,62,17
151564,84,86,69,72,44,68,78,39,90,90,64,67,77,60,70,58,33,71,63,89,83,72,75,71,67,63,71,72,63,80,78,57,43,56,53,79,79,68,64,26,88,69,100,100
153214,52,26,54,29,54,31,51,32,57,30,56,33,58,30,56,36,53,35,50,29,53,35,54,35,58,39,60,40,59,38,60,36,59,43,60,42,58,45,63,44,62,45,63,47
153445,67,37,65,43,63,34,62,41,63,44,53,13,57,29,70,17,56,12,66,35,60,39,74,44,69,47,75,45,64,54,68,42,61,44,64,56,65,45,55,30,58,34,63,37
153472,19,28,62,33,59,27,62,32,60,28,62,29,51,29,49,27,45,23,53,30,51,23,54,32,53,39,54,24,57,32,57,31,59,33,54,45,57,25,58,39,58,29,59,45
153603,84,58,85,70,86,82,84,79,85,75,84,54,84,50,86,67,88,67,86,52,87,75,86,79,87,68,88,79,87,68,87,67,87,75,89,74,88,70,86,64,88,70,88,82
153658,82,59,83,88,84,66,84,81,83,70,83,74,83,83,86,83,86,86,86,80,86,81,86,75,85,77,87,73,86,79,86,85,86,71,88,76,88,76,89,80,89,81,90,64
153737,62,31,62,30,56,29,64,34,59,36,61,36,60,40,53,27,49,32,52,38,57,27,58,35,61,48,60,35,61,35,62,39,65,41,63,42,65,41,67,43,69,45,71,45
154095,80,48,81,64,80,71,82,66,82,97,83,67,82,66,83,48,82,61,81,49,83,50,85,33,80,57,86,50,81,31,84,71,83,33,86,60,81,40,83,38,85,64,82,29
154378,62,43,55,32,62,0,53,47,50,13,55,46,53,47,53,37,52,43,34,37,55,45,51,31,60,46,60,44,60,43,58,37,73,45,62,47,72,50,69,46,69,47,70,52
154396,65,42,60,27,68,33,53,35,48,42,62,60,57,61,58,67,62,30,57,35,55,27,55,33,51,58,57,38,63,48,60,26,62,30,66,35,65,54,66,50,74,48,68,34
154572,53,33,54,48,55,45,53,40,46,33,46,35,51,32,50,28,57,44,46,38,38,45,56,36,52,35,60,41,59,37,61,37,64,54,60,41,61,40,57,36,64,40,64,52
154697,65,26,61,34,65,15,60,13,55,11,55,19,62,57,55,32,57,15,63,15,60,20,54,35,53,27,55,29,56,29,59,29,64,35,61,23,69,31,50,57,51,23,52,20
154800,30,16,57,34,58,35,59,37,59,37,58,38,60,43,61,39,60,36,61,40,58,30,58,35,58,35,59,34,60,35,60,36,60,36,60,34,60,34,61,34,66,35,63,38
154907,65,28,60,18,54,29,53,30,60,22,53,14,50,35,45,32,51,21,56,17,55,18,49,73,54,52,63,54,66,48,62,56,57,50,47,35,58,48,64,35,66,45,71,27
154934,66,43,65,22,88,38,67,29,67,100,66,67,68,17,68,25,68,48,57,62,52,48,53,33,58,47,55,50,59,29,68,24,63,35,66,34,65,44,69,33,71,37,66,38
155007,45,5,52,23,54,15,57,23,50,10,58,20,48,14,23,0,41,38,52,2,17,41,45,13,37,11,55,36,52,7,64,20,73,6,61,13,64,70,77,33,76,23,58,70
155025,67,50,67,47,68,46,74,54,72,62,69,65,69,65,73,71,69,52,70,58,73,77,73,57,72,65,71,75,73,50,75,50,77,50,78,20,74,67,72,0,67,67,77,67
155098,54,49,54,54,68,31,55,51,60,32,62,34,56,40,63,30,58,28,62,32,59,27,51,25,53,25,55,24,56,22,58,24,54,47,55,35,55,36,49,32,61,43,61,52
155201,42,21,43,18,39,16,22,33,31,19,42,19,41,24,43,24,42,25,44,22,44,14,36,21,43,12,51,42,43,26,44,25,39,58,39,35,54,38,44,43,54,24,44,36
155210,56,45,55,44,52,46,58,51,50,39,58,41,61,44,58,42,56,45,57,44,56,41,63,45,63,46,64,47,67,49,65,46,65,49,63,43,65,47,64,48,66,49,72,53
155292,57,37,51,31,58,29,56,28,58,31,57,36,56,37,55,35,55,36,54,33,49,35,57,37,55,34,60,41,60,35,62,35,60,36,56,37,51,35,48,38,50,38,55,36
155317,82,50,83,48,82,58,80,41,79,44,80,24,78,36,79,36,80,80,79,76,80,76,80,72,80,66,81,72,83,74,84,58,86,64,86,52,85,56,85,58,85,50,86,65
155487,69,60,62,50,68,100,69,30,72,75,62,29,62,45,59,35,54,36,61,29,80,58,56,64,64,100,49,45,52,66,53,57,68,69,77,60,76,75,86,84,78,48,76,76
155566,24,39,41,38,43,30,33,39,50,29,48,18,55,25,43,46,50,36,53,20,48,38,54,38,52,29,58,39,51,36,50,45,56,42,60,43,54,35,48,42,59,47,56,51
156082,65,58,69,45,69,42,66,42,61,42,63,27,66,43,66,41,62,44,67,40,65,25,65,32,68,33,72,39,73,44,70,35,69,45,70,36,66,32,69,40,69,31,68,30
156107,69,44,47,52,44,69,60,84,61,80,62,80,72,75,61,63,60,48,61,44,58,51,62,42,56,40,66,39,64,51,59,41,52,46,50,38,54,38,57,40,64,41,67,37
156125,71,42,67,65,69,40,70,50,67,37,72,46,70,40,70,45,73,39,70,30,74,38,74,37,72,34,72,33,73,36,73,36,69,48,71,33,69,47,66,40,68,36,69,37
156231,52,43,50,41,57,43,57,42,55,48,60,47,57,51,63,51,50,32,52,25,48,32,54,29,52,32,56,38,64,46,59,46,65,42,62,51,70,47,63,49,69,55,65,56
156338,63,40,59,17,55,19,61,29,61,55,71,64,61,66,65,48,58,40,57,37,57,39,63,43,60,45,61,51,64,49,64,49,64,49,71,47,69,42,66,50,75,51,73,53
156392,53,21,54,29,47,24,57,32,57,32,55,39,59,52,61,43,59,42,55,35,52,33,52,37,52,32,55,34,54,42,57,39,61,41,63,48,60,43,64,42,65,45,67,48
156620,65,45,70,65,67,41,65,42,63,37,64,32,69,43,69,41,66,39,68,36,71,45,72,47,74,24,74,29,73,23,73,24,75,30,79,45,74,36,77,44,80,31,77,30
156648,51,35,55,35,57,31,55,41,56,46,59,39,60,69,60,40,57,35,55,40,53,33,58,34,54,38,56,35,58,33,59,32,57,33,61,36,64,38,71,35,72,47,76,46
156790,52,42,54,32,52,14,57,42,60,43,57,30,61,81,68,57,62,44,58,44,61,37,59,33,60,42,56,37,57,41,53,49,58,45,60,63,62,57,65,42,66,51,67,57
156851,55,46,54,39,58,26,50,31,62,50,56,40,58,35,49,42,55,36,55,30,45,37,51,37,47,41,57,43,62,42,52,40,51,31,53,45,66,49,53,48,77,49,68,57
156860,58,32,52,30,52,29,48,37,54,37,53,39,55,35,57,38,58,36,59,29,52,36,58,32,57,29,59,38,49,36,60,37,63,43,61,33,54,28,63,36,66,36,66,52
156921,52,36,51,37,51,29,51,35,58,40,52,41,60,49,56,44,54,40,51,40,49,38,51,40,51,36,53,42,59,47,58,42,59,48,63,48,56,45,58,48,60,47,60,53
157058,63,17,60,18,58,39,54,50,47,67,49,71,52,6,54,9,50,11,45,30,52,50,44,22,60,40,60,20,68,0,56,6,66,25,78,6,70,8,53,17,61,5,64,7
157085,77,30,78,32,79,35,78,17,76,56,81,39,80,29,82,64,82,46,81,44,83,39,82,48,83,41,82,34,83,48,85,39,85,40,86,25,86,58,85,40,87,47,87,39
157216,47,16,47,42,52,28,51,17,54,27,53,12,54,39,59,31,54,0,58,0,57,0,62,100,61,67,63,100,57,0,61,33,64,25,68,29,55,40,71,29,63,23,63,40
157304,57,41,51,37,59,42,59,39,68,42,63,47,68,72,61,44,62,38,59,39,64,41,68,50,61,39,60,43,61,42,60,47,70,54,73,54,67,47,68,40,70,53,66,59
157331,58,35,45,31,48,14,59,52,57,46,62,33,61,79,58,36,61,50,61,44,61,38,51,41,59,33,69,39,64,35,62,40,62,35,66,44,60,43,66,42,71,45,70,51
157438,59,58,50,41,62,30,56,44,66,47,63,46,68,59,71,52,69,44,67,40,65,55,64,57,60,46,62,46,68,43,62,43,72,55,66,56,66,52,73,57,73,56,70,65
157447,63,35,64,44,67,38,74,32,69,44,67,43,67,36,69,31,66,34,67,52,67,37,69,45,69,25,72,33,73,41,69,20,72,28,75,26,70,35,77,35,78,34,76,49
157483,57,28,54,34,56,26,60,40,69,55,68,52,65,78,60,46,64,48,61,46,66,44,66,38,63,38,64,41,69,44,67,44,69,37,63,42,63,44,66,48,71,44,71,53
157553,56,34,53,31,55,24,54,30,55,26,56,32,61,25,64,39,61,38,62,39,56,42,59,36,64,29,60,37,64,31,61,34,59,24,55,28,61,25,64,27,59,29,61,41
157711,56,43,56,42,58,37,61,46,63,39,59,47,62,64,61,48,64,46,60,35,63,43,57,33,55,34,54,37,55,34,56,37,55,28,62,38,59,47,58,43,65,45,66,53
157739,57,31,50,32,56,39,58,32,70,30,63,34,59,42,59,30,53,21,63,27,59,31,61,34,60,40,64,41,58,43,63,36,65,21,57,25,58,23,62,32,72,34,68,37
157951,71,41,72,41,73,41,72,43,73,47,72,48,74,58,74,46,73,37,71,29,72,46,73,32,72,33,73,31,70,19,71,26,73,32,77,48,73,17,77,36,78,9,78,41
158431,53,45,52,45,53,44,44,34,46,48,43,35,51,44,48,42,49,36,50,37,51,38,45,39,50,40,54,41,48,36,50,37,50,35,66,38,47,33,49,35,52,29,49,25
159382,49,34,50,36,50,47,42,39,48,38,50,58,53,50,62,41,62,27,43,38,54,28,64,59,66,44,56,33,59,35,56,43,58,62,60,49,57,47,67,47,68,47,70,68
159391,84,67,85,70,83,75,83,33,85,20,85,50,84,83,84,90,84,75,83,43,82,50,85,33,85,67,83,40,83,40,84,57,83,67,86,17,84,36,84,50,84,26,85,30
159416,53,22,56,26,61,51,64,30,60,46,61,41,62,16,69,57,65,45,66,83,66,33,66,45,65,27,61,22,64,20,63,50,65,38,62,29,62,47,65,25,63,39,83,33
159966,64,55,69,57,64,44,66,45,67,51,67,45,69,57,70,37,71,55,71,51,68,53,69,52,65,38,70,71,70,54,74,55,73,70,75,50,70,45,75,86,77,60,77,40
159993,68,41,65,51,68,50,63,46,66,32,66,65,72,56,72,47,69,17,68,32,67,29,70,40,76,50,74,40,72,33,71,63,73,55,74,55,69,68,73,57,77,58,73,59
160010,56,50,39,45,57,21,44,33,49,15,55,27,68,30,55,53,58,55,61,58,66,59,64,61,57,32,58,43,33,31,49,39,62,39,65,38,66,39,78,31,85,59,79,45
160038,70,43,68,55,66,56,63,41,66,43,69,53,69,31,71,40,69,53,68,45,72,45,68,48,72,31,70,42,76,54,71,53,70,47,76,40,64,35,61,24,70,33,71,29
160621,72,61,72,20,70,40,67,11,66,0,68,50,72,80,71,65,70,50,69,53,67,39,70,36,65,31,62,33,64,15,64,12,61,13,60,21,67,30,59,34,60,25,60,32
160649,100,100,89,100,75,76,51,51,50,82,46,39,54,58,45,41,48,49,51,50,43,53,45,32,44,21,49,43,41,46,39,40,44,41,38,25,40,27,52,41,40,48,38,34
160658,71,39,73,41,71,44,73,52,75,51,74,45,76,50,73,54,74,38,74,35,74,46,76,14,76,25,75,75,75,70,75,71,76,50,79,38,75,39,70,33,76,28,74,31
161192,72,60,62,64,66,51,68,46,65,58,67,44,68,59,68,50,67,48,57,43,68,47,57,52,67,45,68,58,63,57,65,56,63,47,64,55,58,47,52,51,59,46,64,51
161253,77,55,76,63,79,63,79,41,78,31,76,64,79,57,79,35,78,59,76,44,81,52,77,35,76,50,76,40,75,35,78,31,74,56,78,32,76,49,75,33,77,42,83,52
161484,62,37,59,52,67,53,66,25,55,30,83,62,66,52,68,39,59,34,66,39,56,45,54,31,59,45,66,44,54,43,70,44,55,30,53,44,52,45,69,62,49,48,48,33
161545,59,51,58,38,57,40,54,38,52,45,54,43,51,43,58,36,54,48,56,49,55,50,56,41,55,54,58,47,56,50,54,43,57,47,55,49,53,49,59,45,59,39,57,48
161554,70,60,68,44,67,40,66,50,67,39,64,45,65,47,70,44,66,49,64,41,67,33,65,56,64,36,63,40,68,47,70,31,69,47,70,30,65,22,67,53,76,36,74,61
161767,62,48,63,47,66,44,65,45,64,43,64,45,64,49,61,48,61,45,64,46,68,45,66,49,69,50,69,50,72,53,69,51,69,53,65,47,61,48,70,52,68,52,69,50
162104,57,29,51,30,52,30,59,31,53,36,52,33,60,35,54,36,54,34,60,72,53,45,53,35,49,27,60,35,55,33,65,49,57,41,61,42,57,37,69,46,57,46,62,48
162122,60,40,62,38,58,45,64,39,64,37,61,40,59,42,58,40,60,36,58,40,60,43,61,40,64,43,62,44,64,41,65,51,65,46,65,39,66,40,66,35,69,39,66,40
162168,55,39,56,50,60,39,56,41,57,41,54,49,60,46,56,44,59,42,57,39,52,40,56,42,59,39,53,44,61,36,62,41,52,52,58,43,55,46,61,43,67,47,63,50
162557,50,48,12,7,38,16,63,42,60,41,64,50,66,45,66,44,64,46,64,47,63,49,65,51,66,48,69,50,67,53,75,47,66,52,61,45,63,45,66,54,72,48,66,49
162690,67,52,60,36,63,47,63,45,62,40,61,44,66,45,63,51,64,49,62,43,54,41,62,44,64,46,65,45,59,50,67,42,59,49,61,46,62,49,62,52,67,56,68,54
162706,66,38,61,42,64,47,53,54,59,49,61,44,67,46,63,45,66,45,64,46,65,43,65,50,68,48,67,46,67,53,69,47,70,47,64,43,68,46,70,44,67,47,67,53
162779,62,41,62,45,62,39,61,38,64,45,63,45,66,47,66,47,66,49,66,46,69,47,73,50,67,48,70,47,69,48,67,48,69,47,66,45,68,48,67,47,65,48,69,49
163268,81,50,82,56,82,47,82,36,84,50,87,54,85,67,84,50,85,79,85,73,87,69,89,50,86,31,87,69,88,65,87,69,87,65,87,56,87,70,86,38,87,86,85,56
163286,93,57,93,63,93,65,92,69,93,82,94,58,93,58,95,100,95,83,94,100,95,80,96,67,95,100,95,100,96,88,95,70,95,78,95,92,95,82,95,86,96,74,96,90
163338,68,29,67,21,64,48,65,32,65,53,66,45,70,45,65,40,68,40,69,38,68,50,73,67,68,54,58,78,64,24,63,40,62,25,73,0,61,33,71,100,66,70,62,9
163426,33,43,70,50,70,48,64,40,61,43,70,51,67,44,68,48,73,51,74,52,68,47,69,48,78,57,76,53,75,55,75,52,75,55,74,52,72,46,75,56,78,52,75,51
163657,57,42,59,43,56,49,60,45,55,41,60,44,60,38,60,45,61,46,52,43,62,48,60,51,64,48,62,45,56,44,60,48,64,52,64,46,66,48,63,45,58,57,67,51
164313,53,38,52,34,51,35,51,41,55,41,56,42,59,48,58,38,59,38,48,41,47,41,42,40,51,44,51,48,46,45,51,44,48,40,50,44,54,46,49,43,61,45,66,53
164775,65,49,62,47,60,45,64,46,56,45,60,38,61,53,59,50,58,46,60,47,59,43,56,55,56,45,60,50,57,42,57,44,54,45,48,37,56,38,56,37,60,52,57,40
165024,77,36,78,47,75,34,75,31,74,38,80,24,82,42,81,31,81,48,81,34,81,21,81,26,79,26,80,31,76,21,78,30,77,38,76,33,79,46,75,29,77,43,75,42
165866,71,75,72,20,75,33,72,34,73,25,73,40,73,50,75,50,74,50,74,75,73,80,75,40,74,0,74,55,76,60,70,50,74,44,69,0,71,43,71,100,72,0,71,33
166513,75,43,75,66,70,50,76,67,75,32,79,39,81,47,78,39,79,50,81,44,84,50,84,67,86,63,85,60,86,54,85,56,83,56,84,53,82,60,84,41,82,62,84,49
166629,84,52,82,60,84,60,83,58,84,67,86,57,87,38,89,33,89,50,88,22,89,43,90,33,91,67,91,50,91,71,91,31,91,29,89,30,91,78,90,67,91,50,92,45
166638,70,45,71,51,71,48,70,52,75,73,75,54,77,62,75,63,75,55,79,74,77,72,80,60,78,63,79,57,78,63,76,58,75,44,76,48,75,48,72,37,73,39,70,46
167729,72,28,76,55,75,47,71,56,73,14,71,33,75,29,70,40,73,58,74,50,78,44,81,38,80,43,79,45,77,7,74,25,73,29,74,57,75,45,75,39,74,20,75,65
167905,62,42,59,37,58,42,59,45,55,30,62,50,55,40,57,38,58,46,65,43,61,41,63,43,61,43,60,43,59,47,61,39,64,47,59,37,61,47,62,37,67,43,63,45
168883,60,55,53,43,72,46,60,55,60,95,61,39,54,39,62,46,60,40,60,38,61,39,54,31,58,38,61,42,58,41,59,37,62,45,64,46,49,36,58,55,47,37,59,29
169248,77,21,78,30,77,39,76,39,76,44,77,34,76,32,80,40,76,45,76,49,77,41,76,35,79,27,78,50,77,48,77,45,74,57,80,48,77,63,72,42,74,26,75,32
169275,52,37,56,42,50,41,61,28,68,38,54,37,54,34,57,43,51,46,41,35,57,42,50,40,55,46,60,45,58,43,59,45,57,43,49,33,60,42,70,52,63,52,60,47
169442,74,74,80,80,77,77,77,77,73,40,77,60,79,33,71,47,74,58,77,58,78,63,82,70,71,42,76,67,80,54,81,58,84,67,70,67,75,63,76,45,76,44,82,75
169479,63,61,32,32,68,43,57,45,61,41,69,52,67,58,67,37,68,32,69,36,79,44,73,33,74,28,69,30,71,37,73,38,76,30,79,60,78,35,74,45,74,33,82,30
169521,65,49,42,24,37,35,78,25,62,46,65,66,63,43,75,51,76,58,69,51,75,56,73,50,61,44,64,46,64,47,61,47,62,44,59,37,57,38,64,43,60,52,62,45
169716,76,16,74,67,75,66,75,50,78,25,77,0,77,100,81,40,84,75,79,75,82,0,81,50,85,36,83,85,87,91,83,71,82,47,86,81,83,65,85,59,82,94,83,68
169798,72,36,75,49,73,45,74,54,71,35,71,37,72,46,76,51,76,44,75,58,74,38,73,41,74,38,75,30,72,41,72,34,70,28,72,52,69,37,66,25,68,44,69,38
169974,52,40,52,33,84,63,55,31,79,61,85,58,57,31,55,20,46,35,46,33,58,45,38,29,52,56,52,45,58,43,56,49,58,37,57,39,54,45,61,44,63,46,64,53
169992,52,33,63,43,56,50,57,10,61,46,64,49,64,49,56,54,59,50,60,38,64,41,67,65,72,73,57,40,61,50,61,52,61,39,58,39,54,61,54,64,62,53,64,54
170055,58,43,61,44,62,46,62,20,56,38,58,37,61,48,56,38,55,38,55,40,57,42,58,43,56,44,59,48,57,48,58,49,56,52,58,50,57,48,56,56,63,53,59,50
170541,58,47,54,57,65,41,64,24,63,39,62,39,59,43,57,39,56,36,56,39,56,38,59,41,62,41,62,49,64,45,63,46,64,42,62,39,64,48,62,49,66,48,64,50
170657,50,47,67,44,86,81,77,40,59,36,61,34,61,36,47,48,51,38,54,40,59,42,59,46,62,48,64,44,64,45,62,39,64,43,61,41,64,49,68,49,64,46,70,51
170675,69,33,73,42,68,57,74,36,81,38,72,54,72,39,77,38,77,43,74,47,82,29,82,33,81,0,79,56,82,11,81,53,74,44,77,43,73,50,70,0,77,20,78,100
170967,53,50,65,33,65,50,67,0,60,25,70,25,64,100,65,19,61,50,57,75,57,35,65,25,59,43,46,14,65,0,66,0,60,0,60,33,57,17,61,17,67,17,60,0
170976,96,87,96,88,96,83,96,94,96,83,96,83,96,96,96,94,96,90,97,80,97,88,97,88,97,90,97,90,97,100,97,94,97,90,96,94,97,91,97,85,98,81,97,80
171137,81,59,82,66,81,55,77,48,81,68,81,56,78,60,83,56,82,54,82,49,84,74,80,76,80,51,74,77,81,79,78,55,81,71,82,61,84,59,82,59,81,59,82,40
171234,45,39,52,40,42,28,53,34,63,40,52,36,53,29,64,45,52,44,54,50,52,48,55,53,55,47,64,55,59,54,64,49,55,54,56,44,51,47,61,50,68,39,57,55
171304,51,36,72,47,78,38,62,24,66,41,59,29,65,39,62,34,60,34,55,33,60,38,58,48,59,46,66,45,62,44,62,34,65,37,58,30,65,36,60,44,64,50,69,34
171395,56,49,85,73,100,100,49,20,61,59,45,3,80,40,65,38,56,40,63,45,63,41,59,40,59,36,61,57,70,44,57,38,52,27,59,36,54,36,53,47,60,46,66,43
171456,72,41,72,18,73,38,74,43,70,50,73,56,73,54,71,17,73,36,72,0,72,50,73,17,74,29,75,57,78,40,75,71,75,67,76,46,72,78,73,54,76,20,78,63
171535,64,44,55,58,66,47,65,46,68,47,65,47,66,49,56,42,57,44,44,38,48,43,48,39,49,38,56,46,56,46,60,54,69,67,66,58,54,39,60,54,53,48,56,47
171571,73,29,72,41,71,28,70,29,73,34,72,38,74,34,73,46,73,36,70,40,78,44,78,50,76,63,75,56,77,64,76,39,76,57,79,68,73,47,75,50,75,52,78,43
172051,65,35,67,31,71,26,68,42,69,27,69,56,71,40,68,40,70,72,70,60,70,44,71,36,72,55,67,25,74,45,77,62,74,67,77,67,73,27,72,50,75,21,78,25
172291,63,46,60,43,65,55,71,19,65,45,62,43,63,41,61,43,61,40,60,44,59,47,55,44,59,42,58,41,61,42,60,43,59,44,59,45,61,47,64,51,65,50,60,54
172307,66,34,60,36,59,35,61,33,60,34,62,34,62,30,61,29,59,28,52,25,56,35,53,39,56,32,57,42,54,45,48,41,51,28,53,46,50,38,60,40,60,41,57,34
172617,60,43,62,42,63,44,54,34,64,39,65,46,65,48,64,51,61,50,63,47,64,50,63,50,62,58,64,50,67,52,70,50,63,50,63,44,68,38,65,53,65,52,64,56
172635,43,32,81,94,82,93,47,29,38,34,62,54,53,46,57,41,41,33,37,25,41,30,32,30,41,25,42,23,43,25,51,33,48,37,47,32,64,39,62,38,63,39,54,38
172671,49,45,67,86,57,39,70,26,52,37,61,45,74,65,70,61,56,32,60,53,70,43,65,38,67,36,66,34,58,41,56,40,63,52,60,59,58,22,57,46,59,56,68,46
172699,76,63,75,53,73,50,74,30,75,33,73,48,72,36,76,27,74,36,73,44,74,49,78,44,79,50,79,43,78,33,80,33,78,48,78,46,77,47,77,43,80,43,81,64
173124,72,47,70,100,72,25,66,52,69,54,69,25,72,56,72,38,68,46,69,58,67,44,68,50,66,42,72,65,69,63,72,53,72,33,72,43,67,50,71,0,78,29,73,29
173920,78,44,78,45,76,50,78,36,80,58,77,25,77,69,76,50,77,35,70,50,74,55,73,25,74,29,73,20,75,44,74,20,77,65,79,57,75,58,76,56,80,35,80,69
174066,86,58,86,35,87,46,86,48,88,53,88,57,90,62,89,60,90,67,91,50,90,62,92,83,93,78,93,67,93,75,93,67,93,80,93,63,92,72,90,63,91,69,91,67
174075,67,57,62,25,64,43,69,0,69,0,66,100,65,25,67,45,72,40,73,29,69,38,66,54,65,45,76,23,70,38,68,33,72,71,64,63,70,57,71,40,77,63,80,50
174233,74,50,76,43,75,33,76,45,75,60,78,82,76,25,77,86,78,60,75,44,75,80,77,25,76,56,78,60,77,27,79,41,80,54,79,21,77,58,77,43,81,43,81,46
174358,67,66,66,59,68,47,70,46,69,52,71,51,67,59,67,55,68,54,68,51,68,63,71,60,74,57,76,43,74,36,72,30,76,40,70,63,69,43,72,57,72,29,75,83
174491,75,58,79,58,78,80,81,100,83,0,79,57,79,67,76,67,78,50,80,50,79,75,80,100,82,45,83,90,83,56,77,13,82,50,83,80,81,83,81,50,84,0,83,0
174978,92,70,82,63,84,63,88,71,77,90,73,90,87,65,66,18,85,100,90,79,81,67,66,60,82,80,77,60,79,86,58,60,86,100,74,78,67,29,76,71,74,57,72,67
175078,66,23,71,39,66,1,68,63,71,14,69,0,69,67,68,40,70,29,69,40,67,43,69,25,68,50,69,40,60,50,65,50,67,33,74,50,63,50,67,38,70,55,74,24
175652,65,30,64,29,55,31,54,11,55,24,54,23,56,26,75,45,68,39,65,36,71,33,73,32,69,40,71,38,69,38,67,71,66,18,54,30,60,17,54,14,64,35,66,18
175829,76,41,68,36,65,31,56,31,76,57,70,40,75,41,65,32,60,26,64,27,69,22,72,17,70,23,69,15,68,16,68,17,70,17,71,18,65,18,67,16,75,17,74,18
175856,77,63,74,52,71,33,66,25,76,44,74,86,76,64,75,42,73,63,73,77,76,27,78,63,78,35,71,8,61,27,53,0,77,0,74,42,77,67,77,56,68,28,62,24
176053,82,50,71,29,74,40,68,90,77,44,69,25,67,50,69,0,75,61,73,73,68,41,72,40,79,57,81,73,77,60,80,29,76,22,80,14,77,20,77,0,80,75,78,0
176080,81,33,81,50,80,60,82,73,83,57,84,38,82,73,82,40,83,33,81,86,79,33,80,50,82,50,80,43,79,40,80,29,82,33,85,67,81,62,81,31,83,43,83,47
176169,68,28,69,37,67,34,64,38,68,43,63,31,70,42,64,39,63,52,61,68,64,70,67,79,68,20,66,27,65,33,68,28,68,15,66,4,63,11,52,8,72,17,68,27
176354,49,14,54,27,61,19,55,32,56,33,55,27,65,15,53,14,57,75,52,67,57,76,60,59,61,57,63,50,63,50,64,25,60,29,65,40,58,33,71,36,70,36,69,29
176372,71,29,75,14,75,38,73,57,73,25,72,21,74,33,77,44,72,44,75,33,72,28,74,30,73,50,74,67,71,40,72,38,68,71,75,41,70,41,70,38,70,35,72,37
176798,67,60,84,95,78,90,77,92,87,85,92,90,73,74,73,75,77,83,93,82,100,74,71,89,86,93,81,89,88,85,75,71,71,83,80,82,88,86,55,16,59,29,84,78
176965,70,40,70,50,71,43,67,39,72,54,72,51,73,33,72,44,73,60,69,28,69,12,70,35,71,30,71,47,72,44,70,46,74,29,75,41,71,29,72,38,70,39,74,45
177065,69,48,67,56,56,47,67,50,60,50,58,38,59,46,63,25,57,47,46,32,53,42,58,33,49,34,57,41,69,32,69,37,64,38,71,27,65,30,62,24,67,33,75,26
177551,62,55,53,43,61,21,50,27,42,15,44,11,45,9,39,9,44,29,44,11,43,27,51,8,47,40,51,36,55,13,65,10,55,22,64,0,67,15,67,14,69,0,68,10
177995,55,39,56,36,53,31,56,28,53,32,54,34,53,28,56,29,55,26,53,29,55,32,56,33,43,39,57,36,55,34,61,36,62,38,58,32,59,41,60,38,64,38,67,39
178244,82,50,74,42,67,28,57,24,66,89,58,20,70,23,64,17,66,38,62,25,60,67,63,25,58,33,61,25,59,100,66,100,71,0,69,100,73,0,67,0,67,40,65,30
178341,63,49,61,37,65,43,71,53,62,36,63,33,66,47,61,26,60,29,60,30,66,38,65,41,65,23,61,49,65,24,61,26,65,38,67,36,59,29,62,31,70,22,63,16
178387,55,26,56,42,59,30,57,42,60,37,68,45,66,39,62,39,62,38,58,41,60,51,64,36,64,34,66,37,66,33,62,24,63,27,63,21,60,31,63,29,59,18,54,32
179344,62,43,56,44,59,40,58,42,57,58,59,54,65,58,55,54,44,36,45,41,47,41,40,24,42,21,54,35,61,29,51,19,56,29,51,29,58,24,63,18,55,29,62,21
179539,55,36,53,24,58,30,58,38,61,36,58,31,61,35,58,37,61,33,60,35,60,35,59,28,63,31,59,28,54,27,62,33,60,26,60,27,60,29,64,35,61,36,60,31
179557,70,38,70,45,70,33,69,42,71,48,72,39,74,47,69,35,71,51,74,52,73,46,73,35,73,49,74,44,75,42,74,46,75,48,80,40,74,38,73,39,76,32,76,35
179566,74,43,74,35,73,35,74,45,74,51,74,61,76,50,73,30,75,27,75,26,75,41,75,29,78,32,79,41,77,33,78,45,78,33,79,26,75,72,76,68,79,74,77,62
179715,62,36,59,42,60,46,62,50,61,37,59,20,63,74,64,44,65,56,53,49,65,50,59,33,54,14,62,38,55,35,55,40,55,28,64,53,68,43,75,33,71,32,66,37
179867,96,92,98,100,96,83,97,83,97,89,97,100,97,89,97,89,97,88,96,82,96,73,97,92,96,100,96,80,97,90,97,43,97,75,94,50,96,67,96,50,96,100,95,60
180179,54,47,54,59,63,38,60,40,63,53,54,73,60,46,56,42,56,44,55,35,59,40,57,39,53,44,54,39,57,53,54,40,62,45,58,54,57,44,60,38,56,43,56,45
180461,70,49,72,43,71,46,71,47,71,54,72,47,72,46,74,56,74,54,74,55,76,49,76,52,76,52,76,58,76,55,77,60,77,58,78,56,76,50,75,55,78,60,79,55
180522,75,100,62,32,59,46,60,63,59,50,67,38,63,38,59,32,58,50,52,25,59,37,59,43,61,11,59,42,60,18,66,0,55,40,70,25,70,0,68,75,69,50,64,40
181303,52,33,49,35,47,34,51,33,54,33,51,32,55,33,53,44,43,39,50,35,50,31,47,37,45,33,53,34,53,41,53,43,61,38,52,35,55,43,62,43,68,41,60,38
181394,73,41,75,49,75,48,71,44,74,41,69,43,72,44,73,49,73,53,72,43,75,58,77,45,77,49,77,48,76,56,75,35,74,44,77,73,69,40,74,36,76,49,78,53
181464,80,0,79,42,84,36,84,59,83,44,84,55,84,53,84,62,84,47,84,59,84,47,84,33,83,50,82,56,83,44,83,50,81,57,85,48,80,58,82,33,84,67,86,52
181534,60,25,60,67,65,50,60,100,50,33,64,100,63,100,61,55,53,20,63,100,58,29,58,0,54,22,63,100,57,40,62,0,67,20,64,22,54,22,59,22,63,13,64,33
181817,53,27,50,17,52,16,42,19,55,19,49,28,56,36,56,38,51,25,53,29,49,20,59,28,52,31,53,21,53,17,54,27,56,35,58,27,60,33,50,25,52,31,53,28
182281,72,38,73,43,72,39,70,42,75,54,76,49,73,42,78,40,76,47,76,48,77,29,77,53,74,51,77,46,74,48,76,54,79,57,80,34,77,39,77,46,78,44,79,53
182290,76,51,76,40,75,41,77,51,79,41,75,50,80,37,79,59,79,53,79,61,80,47,82,48,81,47,81,58,81,50,81,33,81,56,80,48,78,47,80,48,80,49,80,42
182306,50,40,49,35,57,33,77,46,53,30,57,36,49,28,54,33,58,38,42,39,79,28,65,23,65,63,82,19,76,42,63,30,56,32,73,39,0,47,38,50,57,18,59,50
183859,65,45,67,46,66,46,65,47,68,46,70,45,70,48,69,51,66,42,69,45,69,47,69,44,68,53,70,53,71,59,72,53,70,53,66,61,67,64,68,55,69,55,70,58
184995,55,45,56,46,58,49,57,43,57,39,54,40,58,47,57,40,53,34,47,46,52,40,55,41,55,38,56,38,58,42,57,39,58,47,57,48,62,49,65,46,63,41,61,43
185262,75,67,75,60,77,75,75,49,77,57,78,78,81,57,81,73,80,56,72,58,74,41,75,47,74,63,73,50,76,50,72,46,74,24,74,31,71,26,74,33,75,33,76,32
185590,82,68,84,79,82,51,81,38,81,52,82,70,83,40,81,50,82,37,81,61,86,57,81,60,83,58,83,41,80,30,79,38,80,42,83,63,79,73,81,70,80,50,78,40
186016,72,64,83,78,62,71,94,92,83,80,78,78,91,90,92,88,88,94,79,71,88,71,91,78,89,90,90,100,97,67,91,92,83,85,97,83,92,100,97,67,88,92,90,100
186380,88,50,88,14,89,31,89,40,90,80,91,73,91,60,91,56,90,50,91,50,91,75,92,60,93,67,93,40,94,67,93,0,93,100,93,75,94,44,92,80,93,64,93,82
186645,67,46,59,42,63,42,68,39,66,43,66,47,69,48,68,43,65,43,72,49,77,42,77,51,70,45,68,48,73,51,70,51,69,50,69,47,70,55,67,54,70,55,68,58
187532,61,39,61,38,55,37,57,37,55,34,59,39,57,39,59,39,57,37,59,37,60,42,59,39,61,39,62,39,62,38,63,40,65,43,63,41,62,40,62,48,65,44,60,47
187620,60,40,63,45,59,46,62,46,65,62,63,28,63,29,65,34,62,41,59,41,57,39,59,37,62,44,58,45,59,51,59,44,61,43,63,43,59,41,64,50,61,40,63,43
187648,60,20,59,75,57,50,53,50,59,50,59,14,61,20,62,25,64,29,63,20,58,57,59,71,57,36,59,17,63,0,62,57,63,57,61,50,59,9,62,33,62,50,62,73
187985,76,59,75,48,76,36,74,41,77,41,77,45,79,52,78,48,74,52,77,35,78,60,79,45,80,40,80,47,78,35,74,49,77,39,77,54,68,36,72,39,73,52,76,59
187994,50,40,51,35,46,28,48,36,57,53,51,20,56,26,59,32,50,42,50,42,50,20,43,25,42,35,48,29,46,33,52,35,54,41,55,30,52,24,58,47,54,37,46,38
188003,47,36,41,32,51,40,41,44,46,35,46,19,42,31,46,21,49,24,46,40,48,23,45,33,59,17,54,39,49,13,50,11,54,30,59,17,62,42,57,42,46,44,49,53
188021,50,43,55,31,61,23,48,33,46,32,47,16,57,14,52,23,43,29,40,37,50,24,39,33,48,42,42,23,43,13,53,35,54,55,58,36,42,26,52,33,61,29,58,27
188030,72,49,73,46,71,42,72,56,73,52,74,40,72,36,72,51,70,47,72,51,74,41,74,31,74,36,72,47,74,38,74,67,75,43,75,37,72,30,72,47,75,27,73,4
188058,56,37,46,38,61,45,57,30,33,50,50,40,67,0,64,0,50,0,53,0,51,33,50,100,55,100,67,0,58,0,41,33,61,25,49,22,41,0,53,11,61,36,52,30
188100,51,34,55,35,52,33,54,35,55,36,56,37,61,40,58,39,57,45,54,36,55,39,52,37,60,35,62,35,61,43,57,36,57,30,53,31,69,43,69,45,62,46,71,41
188137,45,33,50,30,55,33,51,24,51,37,62,41,59,33,57,33,59,33,54,36,61,42,58,41,57,35,52,46,63,36,65,39,65,42,53,43,52,31,58,46,55,39,59,47
188216,41,38,28,16,25,32,31,21,48,23,41,33,40,18,35,14,43,40,48,13,42,33,36,55,40,30,54,55,46,38,62,67,61,33,46,60,34,71,26,67,44,25,59,25
188429,45,78,80,35,82,64,78,62,81,46,78,9,79,70,82,75,81,58,82,56,81,33,83,53,84,52,83,29,80,45,80,70,79,38,82,50,83,50,85,60,83,50,83,50
189097,93,100,96,100,95,100,96,100,94,100,94,100,93,100,94,100,94,100,97,100,98,100,95,100,95,100,96,100,95,85,95,100,95,100,93,100,97,100,96,100,97,100,97,91
190150,97,85,97,97,98,97,97,94,97,88,99,97,98,97,97,82,96,79,96,97,97,97,96,88,96,91,97,94,97,91,98,90,99,95,95,87,99,92,98,83,97,93,98,95
190512,89,75,87,47,88,68,88,50,88,67,90,78,88,60,91,83,89,60,92,60,88,64,90,33,91,38,91,56,90,75,88,33,89,90,88,57,87,64,84,22,88,52,89,65
190521,63,54,59,54,57,52,59,52,60,51,61,55,61,50,66,56,64,54,65,52,64,52,65,54,66,51,64,49,63,45,58,37,60,42,59,39,56,38,61,44,59,43,61,42
190530,66,53,64,63,63,56,63,52,61,52,61,49,65,53,61,52,58,51,55,51,58,49,61,50,58,42,59,43,59,40,55,33,56,39,59,38,52,41,54,46,55,36,51,49
190549,84,60,79,60,76,61,78,61,80,48,77,53,78,63,82,60,82,71,84,79,86,50,82,50,82,55,82,46,82,90,83,50,80,50,82,50,79,75,77,57,80,57,80,67
190558,86,50,80,33,83,40,79,0,82,75,82,73,80,62,83,45,84,86,81,67,83,65,80,78,80,54,80,57,76,53,77,58,74,70,81,75,73,80,69,41,76,39,76,52
190567,80,58,77,65,79,57,80,54,79,58,81,70,79,53,83,65,86,81,84,50,87,56,86,69,87,56,86,57,86,73,83,50,84,77,80,71,81,63,75,48,79,50,79,64
190585,60,59,64,51,60,42,58,49,58,56,60,57,57,51,63,45,64,61,65,47,67,45,60,57,60,47,67,55,61,44,56,42,58,44,60,39,52,34,53,41,57,47,54,44
190594,81,65,81,67,82,63,80,67,82,61,84,37,84,76,85,69,85,60,86,60,87,64,86,69,83,52,85,75,83,80,85,83,81,56,84,52,82,52,80,67,80,76,78,53
190600,79,83,76,45,73,40,74,29,74,44,72,100,75,38,77,55,78,62,78,57,78,35,79,36,78,53,77,50,78,50,80,38,80,43,83,67,78,50,76,40,81,63,82,50
190619,68,49,65,42,67,44,65,40,65,48,66,51,70,42,69,40,66,47,66,47,67,46,67,47,67,41,70,48,70,45,68,42,65,36,69,18,61,42,61,34,64,42,64,48
190628,64,47,61,37,63,44,62,43,64,43,64,43,65,44,69,50,68,47,66,48,64,42,66,39,64,36,64,31,64,30,65,33,62,28,63,25,60,36,57,31,60,39,57,39
190637,76,52,74,72,74,62,77,75,73,67,72,67,77,79,80,74,79,59,82,67,81,63,83,100,83,71,86,59,83,61,81,48,83,70,81,67,74,45,71,48,74,40,73,58
190646,75,20,63,0,50,100,61,0,61,46,56,53,69,63,64,44,64,100,66,67,65,60,65,0,63,50,66,45,70,67,58,33,62,60,49,45,39,33,40,25,52,20,50,43
190655,79,53,73,67,78,67,77,50,75,88,79,67,80,80,74,33,74,67,77,100,77,88,75,84,76,78,77,58,78,60,69,63,68,35,62,58,63,54,61,52,60,44,65,57
190664,87,65,81,65,84,59,81,46,84,57,85,74,86,70,88,71,87,80,87,56,84,68,86,71,85,50,84,64,84,71,84,61,82,65,83,70,80,72,77,63,78,53,79,63
190673,71,60,64,54,64,54,69,58,70,56,70,56,71,57,71,56,72,58,69,52,71,50,69,50,62,45,63,44,67,49,64,47,62,50,61,41,59,48,59,34,61,45,65,39
190691,77,50,68,59,69,57,67,50,71,64,70,62,75,56,75,35,78,61,77,70,74,64,77,54,74,85,73,60,71,66,64,58,62,50,63,45,60,53,61,39,60,45,57,67
191199,60,39,61,51,57,43,56,44,57,41,55,42,60,44,55,41,54,54,53,32,49,38,56,40,53,46,55,39,54,43,59,39,53,38,55,47,47,35,50,26,55,33,53,45
191719,53,40,51,42,55,35,75,52,76,53,75,52,58,48,55,54,55,48,55,45,57,44,56,39,56,48,56,46,59,42,57,55,59,49,54,41,57,43,62,49,61,48,61,49
193292,77,71,84,69,81,31,85,30,80,25,84,50,87,55,89,33,88,13,88,43,89,83,90,17,87,50,85,100,88,50,89,25,84,40,88,0,83,100,85,0,81,50,85,33
193326,68,45,67,41,66,39,65,37,64,37,62,43,64,43,63,41,57,36,61,43,59,37,61,40,61,39,61,39,61,43,61,39,57,44,56,35,57,34,59,34,61,39,57,38
194028,57,45,54,71,56,38,52,35,55,36,52,45,49,67,47,64,51,24,52,36,51,38,52,28,50,27,57,50,56,18,60,53,56,48,56,48,50,32,49,35,51,27,51,38
194310,77,42,76,38,75,9,72,56,73,20,72,43,77,77,74,71,78,48,74,61,76,74,76,79,78,75,77,75,80,81,79,78,78,86,73,58,75,69,72,29,77,64,75,26
195003,83,37,84,63,83,44,85,62,84,80,84,80,85,67,88,57,86,60,89,78,87,100,86,81,89,0,87,0,90,100,89,100,88,0,86,100,88,77,85,100,88,0,89,33
195173,76,13,76,50,76,35,71,71,74,30,74,100,95,77,76,32,80,90,78,67,80,50,81,50,76,33,78,0,74,0,77,40,76,67,73,33,69,0,70,100,54,17,65,0
195544,81,73,86,55,73,67,73,14,84,75,81,40,85,45,84,30,87,53,85,29,84,50,83,67,86,60,85,22,82,100,79,0,81,50,84,67,81,27,82,11,79,0,81,75
198039,50,50,40,59,46,38,58,41,57,37,56,49,65,46,63,75,66,50,56,45,67,48,73,46,57,57,58,47,59,43,64,58,73,56,68,50,63,43,69,47,73,47,70,49
198206,27,18,74,57,70,52,98,91,47,47,60,50,62,47,53,31,49,38,62,44,54,44,59,33,72,38,63,51,63,42,62,41,60,49,52,20,56,35,71,50,77,51,62,57
198464,77,37,79,63,76,59,79,68,77,59,76,50,79,63,81,56,81,56,78,72,81,47,81,78,80,57,83,78,83,74,81,82,82,71,83,81,81,68,80,65,82,76,83,64
198543,73,81,73,63,75,33,71,54,73,50,69,36,74,0,69,63,70,56,76,38,71,33,74,17,79,50,67,25,78,29,69,38,74,14,66,29,63,30,70,20,78,46,75,32
198570,52,36,54,35,60,42,63,54,90,45,69,33,65,45,67,36,67,38,65,39,63,37,72,47,72,47,74,37,69,40,70,44,65,38,69,49,67,53,75,54,61,39,54,44
198668,63,30,49,26,62,33,47,55,62,37,67,44,69,51,70,44,69,53,68,48,69,48,65,51,53,68,73,56,65,39,63,46,70,42,55,49,59,54,52,48,50,49,64,47
198710,62,47,59,58,62,47,60,52,71,54,67,54,55,69,50,41,54,49,58,40,52,7,66,27,64,43,60,43,52,50,51,45,62,40,67,60,59,60,69,51,62,47,71,72
198729,38,18,62,36,53,44,62,43,60,27,61,47,57,27,62,37,53,43,64,46,54,36,57,34,70,55,66,55,64,49,70,39,76,62,61,42,19,11,75,51,56,97,77,49
198969,60,16,62,13,62,18,58,13,57,11,59,36,52,14,61,28,62,30,55,10,54,12,63,50,59,50,54,20,57,18,53,29,58,27,58,75,62,25,62,0,65,50,65,33
199023,42,12,60,29,48,70,57,67,71,75,55,40,65,44,49,26,50,22,49,25,48,35,53,32,55,26,61,43,70,46,69,45,69,53,56,39,50,88,63,43,63,45,50,63
199102,73,50,73,47,73,68,69,50,72,45,74,57,77,33,72,37,74,38,74,50,80,63,79,33,75,36,75,29,79,75,77,38,79,61,80,40,77,50,74,43,80,44,78,56
199139,76,35,77,46,79,32,77,42,77,55,78,55,78,47,77,45,78,73,77,67,80,52,82,60,83,55,82,79,83,57,82,44,83,67,85,74,85,67,84,68,85,61,85,64
199148,75,54,77,59,77,53,76,63,76,56,75,46,77,70,77,79,76,50,76,46,74,39,78,27,77,38,76,56,78,25,77,30,75,41,81,50,78,59,73,43,76,56,79,24
199157,78,27,78,50,76,54,71,29,77,47,69,45,77,56,69,42,68,35,71,36,73,30,77,9,80,50,81,29,77,50,82,55,76,35,78,25,74,23,76,47,75,71,73,30
199193,90,37,90,57,86,22,87,60,87,32,90,60,91,33,88,22,89,55,92,54,93,71,93,17,93,50,93,67,94,55,94,63,94,69,94,89,94,83,94,78,93,69,94,95
199218,86,100,86,25,83,67,83,57,85,33,85,100,85,50,86,75,86,50,86,100,86,0,84,25,85,67,85,17,87,40,83,50,86,72,84,83,83,33,83,78,85,83,88,86
199281,67,75,67,53,72,32,68,48,71,27,67,33,68,25,73,35,62,22,64,30,68,0,68,24,67,38,67,47,69,45,74,36,72,52,71,29,73,28,72,17,71,11,72,32
199333,56,42,37,60,57,36,57,32,58,37,59,75,57,34,62,48,57,49,68,41,68,39,53,36,48,31,61,42,61,40,59,45,64,41,63,37,62,48,68,40,59,41,65,47
199740,50,42,65,31,64,42,36,12,67,79,59,41,62,40,59,32,62,36,53,42,54,32,58,43,59,47,68,35,63,34,62,36,58,41,66,40,83,41,66,42,72,52,63,52
199926,58,38,59,40,58,32,58,39,57,38,77,44,72,67,60,41,67,44,41,21,65,33,57,32,48,31,61,38,66,36,66,59,70,43,68,52,65,37,66,60,75,55,69,60
199999,77,35,78,14,75,70,73,55,68,38,73,43,78,50,77,100,80,0,78,0,75,40,79,50,76,33,77,55,76,50,77,0,78,100,77,75,76,100,77,0,75,0,77,0
200332,79,57,80,65,81,66,78,68,82,50,81,57,78,53,78,54,76,54,80,56,78,50,80,48,78,18,80,43,79,38,79,41,79,20,82,68,76,43,75,29,77,43,78,36
201283,58,48,56,64,53,42,53,45,47,18,58,21,65,23,58,53,56,56,44,24,45,22,63,27,52,26,60,32,56,35,49,33,49,41,56,37,50,28,51,35,61,52,58,32
201432,42,43,55,37,40,36,42,34,44,38,43,28,50,44,47,43,52,39,54,34,55,36,51,41,51,45,53,35,52,33,56,30,60,39,62,32,54,45,55,30,56,44,51,39
201441,74,42,78,36,79,40,76,50,76,27,73,50,75,32,77,69,72,44,70,37,70,37,76,39,78,40,76,47,77,42,77,29,77,41,79,68,78,71,77,57,80,44,82,50
202134,59,49,59,45,60,39,58,38,62,75,57,56,66,68,64,52,66,41,65,47,67,58,70,57,71,50,71,42,70,38,72,42,74,50,76,33,70,36,69,32,69,44,70,38
202356,54,39,50,39,49,38,48,39,50,41,57,55,53,40,51,36,47,37,47,37,48,34,55,38,54,37,59,40,58,46,56,33,57,38,54,29,59,37,57,41,60,44,57,40
202888,61,49,74,85,58,57,77,75,100,100,27,12,75,71,84,87,75,78,71,73,86,67,71,79,75,53,77,50,29,24,28,33,56,75,48,29,29,42,20,50,6,13,50,40
203155,56,47,52,29,52,32,57,39,55,35,60,51,53,39,42,25,36,16,52,43,48,47,54,34,47,25,48,23,74,38,47,28,44,8,43,25,42,16,46,33,45,17,43,19
204006,60,50,58,39,56,49,61,40,56,46,62,39,63,42,63,27,55,38,57,28,65,38,62,31,66,46,68,47,64,41,72,36,61,37,54,36,64,35,57,38,53,38,53,33
204015,62,45,52,45,57,37,57,45,58,48,55,47,62,44,60,27,49,25,54,30,61,26,58,21,54,23,63,35,69,44,69,48,66,46,66,39,65,41,55,20,62,20,67,31
204422,51,33,45,34,48,33,48,39,53,37,57,38,49,37,47,43,44,38,46,47,53,41,46,42,59,44,48,40,53,39,56,45,58,45,67,71,90,25,88,100,92,67,71,0
204671,61,32,58,42,56,33,65,75,65,33,67,35,66,58,63,31,60,25,62,15,59,15,64,38,67,40,67,14,65,29,69,20,46,22,43,50,42,19,44,46,43,9,42,33
204680,57,29,56,23,58,21,63,26,64,30,68,36,69,69,67,24,71,9,70,25,63,53,67,24,69,43,65,50,68,25,71,44,34,17,40,50,38,50,33,60,31,50,34,50
204699,66,53,61,15,65,59,70,46,72,44,73,32,75,54,70,62,67,37,67,71,63,59,70,59,64,29,69,42,70,31,74,39,50,7,49,25,40,43,41,38,49,50,40,60
204705,62,38,56,33,64,25,64,47,62,53,66,35,64,33,61,36,63,22,61,31,57,24,63,28,63,53,63,29,68,42,70,36,29,28,30,32,33,36,24,18,26,33,25,29
204796,88,67,88,69,90,75,92,64,92,79,93,75,92,80,93,83,93,61,92,53,92,82,94,44,94,67,94,56,94,71,95,71,94,67,94,63,94,63,93,52,94,37,94,31
204820,57,34,58,33,54,33,55,28,62,50,60,33,54,42,56,11,48,33,52,56,51,28,50,26,48,29,54,64,57,30,61,47,55,38,56,47,54,24,56,8,64,71,67,50
204839,56,33,53,40,54,80,54,50,50,46,54,67,49,46,43,21,47,26,51,22,51,39,50,19,56,29,60,25,57,30,54,11,68,0,51,20,60,13,49,50,63,33,54,50
204848,53,38,56,19,65,47,57,17,55,21,51,35,63,26,64,32,57,35,60,41,60,53,65,51,58,40,56,28,56,34,53,44,57,54,55,30,56,50,54,33,64,32,50,44
204857,83,60,82,78,81,63,80,70,78,33,81,40,82,40,81,40,80,42,79,54,79,41,80,60,79,50,82,57,80,36,81,54,82,20,81,27,81,41,79,53,82,57,84,35
204866,62,43,66,33,60,25,56,27,60,0,64,4,62,0,53,21,56,27,63,40,52,28,59,31,53,33,62,25,59,67,53,0,61,17,57,40,57,13,50,25,69,33,60,67
205203,66,66,61,44,54,55,60,14,61,50,59,37,58,33,55,19,54,32,50,17,51,56,56,32,50,52,56,42,48,23,51,38,54,50,63,41,54,50,53,40,64,67,56,43
205443,58,20,55,26,61,38,60,29,57,0,57,30,59,13,54,32,53,13,49,20,52,42,57,35,64,33,72,57,68,0,70,80,78,75,74,31,71,0,66,25,71,0,72,50
206604,67,42,71,36,73,27,68,53,66,27,70,33,70,40,71,43,62,30,56,21,62,24,66,53,67,41,66,31,65,42,64,27,62,40,65,39,65,31,64,31,63,40,68,38
206613,67,42,72,0,62,38,70,33,54,14,78,44,71,38,66,43,69,36,61,60,67,38,71,33,70,64,70,17,75,43,63,50,64,25,65,13,64,6,58,21,65,41,61,14
206695,71,50,70,44,73,39,70,47,73,44,72,39,70,42,69,46,65,38,69,39,69,37,70,34,75,47,75,43,77,58,76,33,73,48,76,48,75,36,78,34,77,42,76,41
206914,51,18,52,20,49,16,50,28,48,22,52,25,57,38,52,43,56,31,57,29,60,40,62,36,65,33,62,21,65,47,60,33,67,36,67,39,61,21,72,37,66,43,67,20
206923,4,1,74,60,57,33,46,33,58,30,55,30,41,66,45,67,43,63,52,40,59,40,56,47,63,50,64,65,60,50,46,35,57,43,73,70,74,69,58,68,58,40,10,10
206941,64,41,62,45,64,40,61,45,53,45,61,47,65,51,68,50,66,50,65,49,65,46,66,40,62,48,61,40,64,46,65,49,65,34,72,54,67,49,64,46,66,40,65,48
207041,59,22,64,42,62,47,63,57,63,38,63,39,64,63,69,53,65,37,59,56,63,38,66,31,64,25,52,43,46,30,58,50,64,39,60,21,57,43,60,50,57,40,61,10
207069,68,23,52,24,45,22,46,30,41,31,46,25,50,24,57,31,44,21,41,32,49,35,55,22,54,25,54,26,53,47,53,45,55,45,64,39,72,56,54,36,56,47,61,38
207263,65,61,66,53,67,52,62,60,64,43,63,57,63,51,61,50,63,15,64,21,68,46,61,45,62,34,65,67,63,36,64,38,60,30,66,44,61,38,64,38,63,29,60,22
207290,57,29,59,45,51,37,49,48,58,50,48,45,53,49,51,45,54,46,53,47,53,52,51,43,54,37,45,46,50,39,44,25,48,31,55,24,56,34,53,34,51,44,56,23
207388,80,55,79,40,78,33,78,61,80,59,77,48,79,59,78,63,80,62,79,63,79,63,81,61,81,70,81,69,81,56,82,65,83,66,85,69,83,65,83,68,84,65,85,66
207449,30,20,49,27,49,30,43,25,46,33,51,39,52,37,53,38,49,33,44,30,44,31,49,30,50,33,48,36,46,36,48,32,46,35,54,31,57,29,55,27,56,29,60,27
207500,82,47,84,50,83,28,85,56,84,48,83,43,82,42,83,55,85,50,84,52,84,53,85,78,86,79,90,81,92,81,90,80,88,75,87,77,89,74,88,76,89,79,90,77
207661,46,30,46,34,49,27,47,42,53,34,46,29,54,22,58,36,64,26,60,40,60,18,65,36,65,25,73,15,62,41,62,40,63,32,65,42,55,33,63,37,64,27,70,64
207847,59,20,59,34,58,39,54,38,59,35,58,39,59,26,55,38,53,16,57,16,57,40,64,32,61,36,55,32,64,33,64,19,62,33,61,56,54,61,59,24,71,30,63,37
207865,69,33,60,26,60,26,60,36,63,41,62,38,65,29,67,37,57,13,66,25,70,38,66,17,66,57,68,40,66,9,66,36,67,17,74,24,65,54,68,28,70,68,68,35
207935,49,31,50,32,51,31,57,37,51,37,55,40,58,39,54,32,55,34,51,40,54,38,57,39,57,40,60,44,61,42,56,46,62,46,61,42,56,39,58,40,64,40,61,43
207971,78,50,84,0,84,75,82,83,82,100,86,67,86,67,85,100,86,75,84,50,90,33,88,80,88,67,91,67,88,75,88,75,87,33,84,60,82,63,85,42,85,64,92,71
208035,49,16,47,17,52,25,39,21,53,29,47,25,52,33,59,35,39,28,47,31,49,13,48,30,50,25,59,33,49,40,55,27,56,46,62,38,64,34,62,57,59,45,56,32
208406,60,32,46,26,46,20,100,76,52,33,91,42,91,48,64,39,58,24,58,31,49,29,50,33,57,44,53,43,57,40,58,42,62,45,55,48,59,50,55,40,59,51,66,41
208415,50,47,39,46,51,40,41,74,35,73,28,33,51,33,68,51,6,7,14,7,3,2,53,46,44,18,48,33,44,38,51,40,53,25,46,29,41,40,57,38,45,33,48,31
208646,66,33,66,50,69,48,65,31,64,40,54,41,72,29,67,35,72,48,64,21,64,44,58,23,57,23,73,50,68,26,68,46,72,25,70,15,65,23,68,52,67,43,71,45
209074,62,47,60,33,52,32,52,36,51,35,54,36,57,40,60,39,58,41,52,39,52,40,52,40,50,35,52,33,55,33,55,34,59,35,52,31,49,32,61,40,60,44,64,41
209506,71,44,72,24,69,35,67,44,76,26,69,30,71,44,70,25,73,33,69,29,74,25,73,38,78,35,75,22,79,44,80,39,76,42,76,25,68,45,72,25,73,26,69,23
209542,81,46,81,61,80,49,81,46,82,59,81,69,83,62,83,63,81,61,83,62,84,56,84,63,85,67,83,71,85,73,84,70,85,71,85,71,87,78,87,71,87,76,88,76
209551,82,44,85,35,83,43,83,24,84,39,82,42,84,43,86,59,86,48,85,47,87,49,87,59,88,46,87,56,86,51,85,44,86,59,84,61,87,73,86,72,85,57,86,60
209746,49,37,58,41,55,41,57,38,55,39,61,40,62,39,57,40,60,45,58,45,59,46,60,44,59,43,63,49,67,47,63,45,65,44,62,41,56,33,56,34,63,40,63,41
209807,67,49,66,44,67,47,67,50,67,45,69,46,70,49,70,42,73,50,74,52,73,36,73,41,71,62,74,44,72,43,76,52,74,42,75,40,76,54,72,37,75,47,76,48
210146,69,25,63,48,65,29,65,29,66,35,66,28,68,45,70,44,69,37,68,44,67,38,74,45,72,57,68,58,72,44,69,50,70,53,68,44,69,21,71,65,68,72,68,42
210155,49,48,47,37,47,16,46,45,54,69,59,51,55,29,41,35,57,52,42,47,50,37,61,29,59,34,59,30,54,30,49,22,54,27,51,32,52,27,52,30,54,32,57,41
210270,50,28,47,45,59,50,56,45,41,33,43,28,55,36,57,32,40,34,50,35,42,36,42,32,44,32,40,39,47,43,59,46,50,39,45,49,53,54,56,46,65,45,67,42
210429,71,38,65,24,67,25,65,24,73,45,72,59,71,46,72,36,68,37,70,16,69,44,70,33,69,41,74,65,72,33,69,19,74,22,71,32,65,30,70,36,76,24,73,28
210605,58,45,58,41,58,43,55,42,56,35,53,40,56,39,57,42,56,45,53,38,55,41,55,43,54,41,55,44,59,42,60,47,58,47,57,40,59,48,59,48,64,53,63,47
211316,93,100,83,93,95,92,96,100,88,100,100,100,94,100,82,100,100,0,91,100,89,50,94,80,100,80,100,100,100,100,83,100,100,100,91,100,93,100,96,100,100,100,94,100
211927,60,36,59,39,57,39,59,38,64,40,59,43,61,43,62,39,63,48,58,48,63,43,61,40,61,43,59,42,58,39,60,35,62,37,55,37,55,33,59,38,61,36,60,46
212054,82,53,82,50,80,44,84,52,83,54,86,49,83,54,83,67,85,63,85,62,86,83,84,53,84,33,89,70,89,67,89,67,89,58,88,53,90,57,87,65,90,58,90,84
212115,73,67,79,38,78,56,78,30,82,63,76,60,77,38,77,25,78,16,70,13,71,17,74,6,72,9,72,11,70,33,69,33,67,67,71,33,67,40,74,17,71,33,72,57
212878,48,52,49,43,50,39,55,46,56,49,55,41,55,45,51,48,53,46,54,43,58,47,52,43,54,42,56,45,56,42,52,43,58,46,55,41,56,41,53,39,59,41,54,44
213020,73,60,76,37,77,48,76,36,73,27,74,59,75,71,77,58,74,67,75,74,73,30,75,40,76,43,75,43,72,60,71,50,72,24,72,17,71,18,71,38,71,33,75,10
213455,42,84,73,88,82,90,95,83,100,83,100,88,92,86,96,89,89,89,94,86,75,79,100,83,85,75,75,74,82,70,88,79,78,76,94,74,79,71,89,61,91,51,83,59
213491,90,73,82,82,83,87,88,55,79,76,81,89,90,92,90,85,91,82,100,95,81,71,75,92,54,83,100,86,90,84,73,69,83,79,91,86,83,100,100,90,89,97,100,96
213525,63,29,59,33,59,22,56,36,58,30,57,35,59,34,56,33,54,41,57,39,55,39,55,45,58,38,57,41,58,44,59,48,56,41,56,39,60,45,62,47,62,45,59,41
214041,81,39,79,26,80,50,83,64,83,45,81,37,82,67,81,56,81,57,79,54,81,13,77,47,76,45,77,43,77,24,75,44,77,30,75,9,75,29,77,15,78,15,77,21
214111,59,30,59,32,61,32,58,31,58,32,62,34,60,40,61,38,61,36,61,43,62,40,63,48,63,46,65,48,63,49,62,46,65,48,64,43,63,47,65,48,66,49,67,50
215239,56,38,61,42,60,41,51,33,49,40,50,39,55,43,55,44,55,44,51,41,51,46,54,45,54,43,55,43,59,43,54,42,60,44,54,38,58,44,59,41,57,41,60,40
215585,45,34,43,29,42,30,36,46,37,58,47,34,49,36,49,39,55,43,48,39,48,43,59,41,53,45,55,46,60,44,58,47,63,52,59,43,61,51,71,51,64,45,66,48
216010,79,50,80,29,76,100,77,75,74,57,72,50,72,67,74,100,70,50,68,83,71,40,74,50,69,67,75,50,71,33,72,33,75,20,77,25,68,36,69,8,76,50,77,40
216339,82,59,85,61,84,45,87,35,85,89,87,61,88,47,89,53,87,61,87,65,89,70,89,70,90,38,90,43,90,56,89,67,89,62,87,52,86,58,84,46,83,66,83,53
216825,59,33,57,42,61,43,59,38,52,25,61,36,65,33,59,45,50,33,56,35,59,36,62,38,61,39,62,44,58,38,57,43,59,42,55,41,61,41,67,43,59,46,67,44
216931,78,1,80,46,80,30,74,33,79,67,78,100,80,25,79,40,82,67,80,50,78,14,79,50,77,0,76,0,76,0,76,52,78,63,76,44,75,63,71,20,73,36,72,33
217420,77,53,79,50,77,60,76,31,75,56,77,68,77,51,76,32,76,38,75,47,77,33,79,38,76,36,74,58,75,26,73,35,75,26,76,44,74,50,71,46,74,40,73,50
217615,53,38,57,40,61,44,50,42,48,31,55,40,57,47,54,40,54,42,54,40,48,35,53,43,58,36,66,45,60,44,58,39,63,47,53,34,55,34,55,42,57,44,53,38
217712,44,35,50,33,41,30,47,36,50,40,50,37,56,40,51,38,47,34,48,35,50,36,52,41,45,36,56,42,46,43,47,35,48,39,48,38,42,42,48,44,60,37,58,40
217837,56,39,51,44,50,41,50,29,49,32,50,40,50,35,58,46,58,37,41,27,51,24,49,31,53,36,53,34,47,35,61,39,53,26,47,33,63,32,49,39,59,27,70,39
217882,90,60,89,83,88,70,89,50,90,69,91,67,90,60,89,59,90,51,91,62,92,64,92,67,93,60,92,25,93,67,93,33,93,100,94,25,94,62,92,13,93,69,93,80
217989,41,55,32,19,40,15,32,16,31,20,31,25,34,4,32,13,50,13,37,17,37,38,45,26,28,58,30,15,36,36,44,31,54,13,53,50,38,17,46,50,52,48,47,40
218025,63,43,60,42,57,43,58,40,50,33,55,41,56,30,55,38,53,35,50,32,46,33,53,35,52,33,55,30,52,30,50,25,51,26,54,32,47,27,62,42,59,40,58,34
218140,54,40,46,36,51,46,52,42,54,41,57,38,62,52,49,49,53,40,51,52,57,44,58,39,58,41,53,44,51,44,50,38,53,35,44,33,43,31,63,40,59,36,64,40
218238,60,61,65,39,66,51,68,30,63,50,57,55,57,43,66,37,59,43,55,37,58,38,60,50,56,23,51,12,51,39,52,25,67,32,62,18,67,38,65,40,64,60,64,29
218353,57,42,58,42,53,41,51,39,51,36,51,40,53,36,55,39,52,39,52,36,52,39,52,43,47,39,50,37,47,43,48,35,43,33,47,34,49,39,47,36,43,36,49,33
218487,55,53,58,32,55,40,55,42,52,39,53,40,54,37,57,37,53,27,50,33,53,34,54,36,55,30,60,32,58,33,59,30,59,38,60,24,62,25,68,43,67,42,66,31
218520,56,54,55,31,52,47,56,40,58,32,58,45,59,38,59,34,56,46,60,42,59,46,60,47,58,48,58,43,55,44,53,36,58,41,54,35,56,29,61,41,57,34,61,39
218645,68,33,64,44,60,28,67,38,68,38,69,36,69,49,73,33,70,42,67,29,66,16,66,35,71,35,67,32,68,71,64,57,65,14,66,100,59,33,60,0,64,50,67,60
218654,53,18,0,0,56,29,48,38,55,34,57,35,60,33,52,20,54,19,50,28,56,14,51,17,58,12,54,29,62,33,63,60,57,43,63,22,58,25,61,38,61,14,61,20
218663,84,34,85,33,83,33,86,32,87,35,87,28,87,36,86,39,87,22,87,46,87,24,88,42,87,43,88,52,88,80,88,50,89,20,90,57,87,50,90,56,91,86,92,38
218672,57,46,64,24,58,17,65,29,60,16,59,23,55,34,59,26,57,25,54,24,54,12,52,18,60,13,62,22,54,25,53,47,49,20,46,17,47,38,37,17,38,14,43,100
218681,48,45,44,27,46,21,58,30,57,29,45,15,51,34,45,45,46,35,43,17,45,15,43,26,41,14,44,21,42,50,45,29,36,43,53,75,43,38,42,29,37,14,43,22
218706,59,22,63,27,54,45,59,22,63,13,53,50,59,82,59,53,64,23,51,50,44,38,46,47,26,40,26,14,38,0,41,0,48,100,51,50,44,25,52,50,66,75,64,0
218724,72,50,70,0,64,0,67,67,71,17,71,33,66,25,64,0,63,43,60,22,63,17,67,18,65,100,69,33,67,0,69,33,68,6,73,33,72,15,71,0,76,11,77,17
218733,73,0,69,13,68,7,64,0,65,18,64,27,67,26,63,20,65,33,61,29,60,50,63,14,57,11,70,0,69,14,64,13,68,2,69,17,69,8,68,10,59,11,56,6
218830,56,46,56,45,60,45,55,41,55,40,52,34,57,34,54,33,58,41,60,32,56,33,56,30,57,37,54,35,62,35,61,32,61,40,55,36,66,46,61,38,63,40,63,42
218858,55,41,49,38,48,40,53,41,52,38,50,39,61,48,51,41,55,43,48,39,49,37,52,33,53,35,53,32,59,39,56,39,61,32,55,25,55,35,61,39,54,26,53,32
218885,57,45,56,44,52,39,51,39,46,39,45,34,46,41,44,38,41,36,46,32,46,37,47,39,36,34,37,41,45,39,51,35,53,39,30,27,52,44,55,43,53,49,55,42
218894,53,49,54,43,55,45,55,42,50,43,54,41,60,46,55,45,58,41,51,40,53,37,50,35,62,37,59,36,61,35,55,34,57,29,53,23,52,28,60,35,68,36,59,34
218955,55,42,49,38,51,37,46,46,39,41,62,33,49,26,49,19,42,25,45,29,38,34,39,40,43,60,68,63,50,62,37,42,53,45,52,43,64,45,45,43,62,32,70,56
218991,54,33,52,35,52,43,49,36,48,36,52,39,58,40,52,39,55,39,50,30,52,40,52,35,59,39,56,41,54,32,53,32,58,36,57,28,57,32,62,35,64,27,65,30
219046,56,35,53,32,55,33,55,36,59,47,57,39,62,46,64,31,61,53,61,47,59,53,63,51,63,41,63,65,69,47,62,39,62,34,65,47,61,44,71,38,72,63,72,50
219277,39,9,50,42,37,29,13,31,17,26,43,31,46,16,56,31,31,40,43,28,43,48,50,50,57,40,58,56,70,64,63,64,56,43,63,42,60,20,67,29,54,43,62,40
219602,65,26,61,37,63,25,64,36,66,36,68,42,67,39,69,48,69,56,67,54,66,61,72,64,71,66,66,57,69,55,67,47,66,40,70,40,63,47,66,22,67,21,70,34
219824,56,40,43,62,55,50,54,45,54,41,53,44,55,41,55,46,54,46,51,38,52,45,52,36,50,35,49,37,49,45,49,45,50,43,51,47,48,33,53,27,59,28,57,27
219879,61,41,55,52,56,40,54,41,58,45,56,46,53,42,57,52,55,39,52,33,53,39,55,45,50,49,47,27,52,34,51,36,52,49,53,48,47,36,57,35,54,42,52,40
219888,61,36,59,50,60,51,59,46,57,41,54,44,62,46,52,43,58,39,55,44,58,40,60,38,63,46,54,33,57,44,54,39,57,47,57,48,56,38,48,35,58,54,55,40
220075,67,45,70,37,69,34,71,46,69,43,67,67,70,61,72,39,70,57,66,40,66,30,69,34,71,37,71,30,76,47,73,56,72,44,78,57,67,77,72,67,74,59,76,62
220400,56,52,55,41,48,47,51,42,50,47,49,46,54,38,48,39,45,34,43,23,43,27,48,41,51,34,52,44,52,37,52,34,51,38,48,43,45,33,44,38,44,42,54,26
220613,73,83,70,50,72,50,70,33,71,50,73,29,73,33,71,83,72,0,72,40,77,29,80,0,79,20,77,44,81,20,80,0,78,0,81,0,81,50,79,0,81,0,82,17
220862,75,44,74,52,71,52,72,60,73,60,75,61,76,49,78,68,77,55,76,49,76,42,78,49,77,45,80,50,75,54,76,54,78,58,80,56,72,57,75,43,71,55,77,50
221050,69,82,79,71,79,81,83,81,87,89,80,74,81,80,82,79,72,74,75,83,74,92,75,41,70,43,67,33,76,32,75,77,63,51,75,63,78,80,83,79,89,67,76,33
221096,55,44,55,39,50,40,53,42,53,43,50,41,58,39,58,40,52,49,53,39,53,35,58,42,61,41,59,51,60,45,53,46,58,53,53,52,50,44,52,39,58,47,55,46
221184,48,40,48,40,48,48,49,44,48,46,49,46,50,50,52,48,51,50,50,41,50,42,53,41,54,41,42,40,49,47,45,46,49,49,46,48,45,41,42,40,43,42,44,47
221397,62,43,59,48,57,43,58,44,82,47,57,36,65,39,58,43,57,43,56,49,61,45,58,44,60,44,55,51,57,49,54,49,56,53,59,52,54,44,56,43,61,45,58,50
221485,52,41,47,67,47,38,47,44,44,36,49,43,48,40,46,36,46,34,44,34,47,32,54,38,47,30,45,30,54,35,49,31,52,38,54,31,56,30,48,22,53,25,46,19
221643,60,46,57,41,55,43,58,43,57,52,57,43,60,41,49,47,57,48,57,47,55,50,56,42,54,49,54,41,53,41,51,49,53,51,52,44,49,44,50,47,57,52,58,55
221740,69,24,68,35,65,27,63,35,65,42,61,47,67,38,68,35,69,67,67,40,69,50,70,86,71,45,74,55,73,55,73,36,71,35,77,46,73,50,73,35,74,35,73,41
221759,78,50,78,66,79,40,82,50,84,44,84,65,84,53,86,58,84,53,85,38,86,40,87,60,85,67,86,47,86,55,87,67,87,60,89,47,88,61,89,41,91,94,92,80
221768,71,40,73,29,70,72,70,96,71,53,71,48,72,64,71,75,73,50,71,64,70,0,71,43,75,78,75,43,76,46,74,20,75,37,74,60,70,50,71,86,73,33,77,75
221838,73,43,79,42,72,45,71,43,70,45,61,67,67,45,63,42,67,48,56,43,60,34,62,38,64,30,56,39,58,63,64,59,64,29,65,53,53,19,62,18,60,25,33,25
221847,72,20,71,36,72,57,74,64,73,44,71,17,72,50,76,45,73,40,70,50,75,42,76,71,75,50,79,25,79,24,75,45,77,44,77,36,73,43,78,38,77,100,78,50
221908,53,74,51,73,55,36,63,53,61,46,56,43,61,48,61,46,54,45,57,45,56,40,59,46,57,41,57,44,62,46,56,57,57,52,56,57,58,47,56,45,58,67,59,51
222053,54,40,55,39,52,42,54,43,53,40,53,46,57,45,54,45,50,43,53,43,57,43,54,41,55,36,51,34,52,37,51,36,49,55,51,44,44,39,49,39,50,38,51,37
222062,63,49,62,44,62,40,55,41,58,38,56,59,65,51,59,49,55,48,54,33,56,39,56,46,55,43,52,35,57,38,53,47,57,50,55,49,54,39,53,38,58,50,53,52
222105,81,96,90,95,90,95,97,92,78,94,100,98,73,83,85,92,88,84,82,81,83,82,60,67,78,64,76,66,64,49,64,61,65,57,72,66,68,56,65,51,64,56,55,42
222831,60,45,63,48,61,48,59,27,59,39,56,37,59,33,63,39,61,32,59,38,55,20,62,31,63,37,67,27,67,36,67,33,69,32,71,17,69,29,73,44,72,38,69,32
223427,48,47,43,47,63,37,48,47,44,39,46,42,53,53,50,50,50,47,47,42,55,50,49,40,51,50,52,34,51,52,54,50,51,49,53,43,54,44,55,48,56,50,45,31
224554,66,37,65,45,63,46,62,49,55,35,73,47,66,47,63,33,71,39,70,40,67,40,68,74,73,43,63,35,67,29,66,25,63,44,58,30,60,42,65,40,63,35,57,42
224642,69,53,66,45,66,51,67,49,68,49,70,49,70,53,70,52,68,51,66,51,63,51,62,47,64,50,68,52,66,52,66,49,62,50,42,45,60,47,62,51,64,55,63,52
224891,46,22,47,21,51,43,38,51,38,37,52,31,61,48,58,46,34,37,47,55,41,56,44,56,59,67,52,67,51,75,62,50,64,50,62,48,55,50,60,48,45,44,38,43
225371,55,32,42,41,49,41,47,43,56,35,52,41,50,34,51,44,53,47,54,37,66,31,52,32,53,32,36,46,24,26,51,42,57,38,55,34,46,42,51,43,55,44,51,42
225432,61,47,60,52,61,43,52,48,56,42,58,42,61,46,59,43,60,50,67,52,63,52,66,55,66,44,66,62,72,54,71,60,73,48,67,55,64,46,65,53,67,47,67,56
225511,79,63,77,65,77,62,76,55,77,61,79,58,79,65,82,62,81,66,83,75,85,70,86,64,86,64,85,66,85,61,85,66,85,68,86,68,85,58,85,66,86,73,87,74
225520,45,36,36,29,57,30,51,32,63,31,37,35,51,55,51,48,60,42,45,41,42,30,47,27,38,47,50,27,41,46,39,43,43,41,58,45,61,55,63,45,60,45,71,49
225548,62,53,62,23,57,33,64,29,60,0,55,6,62,25,67,17,57,0,61,0,61,50,54,80,63,0,51,100,48,0,49,43,43,0,50,100,52,50,55,13,55,50,52,33
225627,66,8,71,11,64,33,66,60,67,71,63,50,67,0,75,65,78,43,75,37,69,38,76,33,77,48,77,50,76,45,74,50,73,33,75,0,73,33,70,0,72,14,71,25
226091,69,36,65,34,61,39,60,32,66,48,65,40,66,45,65,38,65,38,54,36,53,32,60,51,58,47,63,46,64,53,64,51,66,51,69,57,57,49,59,55,61,37,62,44
226152,67,46,62,34,68,41,71,29,58,41,72,56,63,67,73,50,68,50,73,64,74,42,76,40,76,63,78,50,76,50,77,69,79,70,74,50,74,66,79,75,74,55,78,65
226833,66,49,62,47,62,39,66,57,72,63,71,50,75,57,71,43,68,31,71,46,67,56,72,63,70,53,70,67,67,67,65,60,67,57,66,57,63,35,63,56,63,57,64,56
227216,75,59,74,57,75,40,76,49,74,59,75,55,76,63,78,63,78,61,76,66,75,63,78,65,79,58,80,54,78,53,78,57,79,58,85,63,79,59,80,47,77,55,77,48
227225,76,21,45,33,61,42,43,41,49,34,55,41,58,47,52,42,48,31,46,37,61,52,63,39,57,33,63,46,63,41,54,42,61,36,57,34,54,31,59,33,71,42,73,43
227368,66,50,66,45,68,48,73,59,68,47,71,51,74,58,72,56,74,54,75,57,76,58,76,57,77,64,80,64,79,64,76,61,76,65,81,63,72,55,76,57,79,63,81,62
227401,49,42,58,41,41,31,54,38,69,34,53,13,31,40,56,47,55,43,52,39,49,39,55,40,50,37,56,39,53,34,55,32,59,47,62,38,57,35,55,33,54,36,58,37
227687,45,36,51,26,48,12,47,14,28,0,47,20,26,35,35,49,43,17,49,53,44,54,42,66,58,54,55,53,49,50,45,57,45,48,57,56,41,70,35,59,52,23,46,34
227863,68,25,69,25,71,20,64,60,68,36,72,50,70,50,75,67,82,100,79,25,77,67,88,50,83,100,82,50,85,40,82,40,84,60,83,86,73,25,81,50,73,44,78,67
227881,64,40,68,43,68,79,72,37,71,57,72,55,75,57,72,40,73,42,75,49,78,49,79,62,80,76,77,66,77,64,76,54,75,61,79,63,73,60,74,58,75,65,73,61
228316,57,50,54,41,53,43,56,42,54,41,52,38,59,47,62,48,52,43,58,47,55,41,59,51,26,68,63,54,67,62,62,54,67,58,70,55,64,55,88,72,61,43,58,48
228459,77,55,76,59,74,59,76,54,74,63,77,52,79,47,79,64,79,69,76,63,77,50,76,69,78,68,77,54,78,56,77,56,76,54,77,56,77,55,80,51,78,46,80,57
228547,58,38,60,36,62,38,55,36,59,38,57,37,58,39,56,47,55,44,56,45,56,45,59,48,62,51,64,49,64,50,63,48,66,50,63,47,62,51,72,62,71,59,70,58
228705,55,33,51,39,61,34,62,35,61,37,60,50,59,44,59,44,56,63,61,24,64,27,64,41,69,45,71,43,68,42,67,53,65,24,72,56,66,33,64,41,67,33,65,33
228723,88,83,90,83,92,86,92,82,92,86,92,88,93,89,91,87,92,89,92,87,91,88,90,89,90,91,91,92,92,91,92,91,93,90,94,93,93,93,95,92,94,93,94,92
228769,70,47,69,57,69,55,62,46,61,37,60,50,65,48,70,51,71,50,72,47,71,52,69,51,71,54,69,53,71,55,74,60,75,68,76,64,71,45,74,30,73,21,73,29
228778,92,70,93,75,93,76,93,82,92,77,91,75,92,82,92,59,92,67,93,68,94,77,94,80,95,80,95,79,95,87,95,89,96,83,97,94,96,88,95,85,96,86,97,90
228796,72,51,67,44,68,46,68,43,68,43,70,43,71,29,73,48,75,61,72,46,70,48,68,45,72,49,73,49,74,46,73,49,75,51,77,57,70,52,75,55,77,64,79,66
229027,64,47,62,45,58,37,60,41,59,46,59,52,56,54,57,48,62,48,63,56,64,38,64,38,68,54,71,54,74,49,73,55,73,60,78,67,78,36,80,41,79,40,80,35
229063,65,50,59,42,58,35,57,29,50,26,59,37,67,61,61,34,61,27,61,39,55,31,53,13,46,10,50,5,57,29,54,16,53,14,51,13,68,20,55,32,57,16,66,43
229115,82,66,82,50,84,64,83,50,83,64,80,51,81,55,82,53,82,58,81,51,82,64,83,62,83,59,84,64,84,63,85,61,87,56,87,65,85,57,86,62,85,52,85,62
229179,75,39,68,46,75,23,68,3,69,37,71,35,75,29,72,29,68,56,69,58,73,50,74,50,76,47,79,73,78,58,73,57,73,60,77,63,72,50,73,50,74,50,70,39
229425,93,54,89,51,86,95,86,82,76,77,80,87,83,88,77,78,90,83,88,67,50,94,80,82,100,75,90,83,80,69,67,69,67,69,67,69,70,69,65,63,73,70,77,85
229540,61,39,65,44,62,44,63,43,48,45,60,46,61,43,50,43,51,51,66,48,65,47,56,44,63,43,66,46,64,51,69,47,59,51,62,44,58,44,64,50,65,55,60,50
229780,70,63,65,33,68,0,59,25,64,50,66,60,66,83,57,25,50,60,47,65,47,42,45,58,54,52,51,45,42,44,49,58,41,48,38,38,39,52,39,41,48,54,45,37
229814,66,54,66,54,64,50,63,52,67,35,64,32,64,41,62,22,65,42,62,55,66,83,67,44,64,32,65,40,64,50,67,53,68,49,82,44,58,47,68,46,68,46,70,65
230038,93,82,95,89,95,87,85,64,84,50,83,61,84,50,85,53,87,63,89,73,85,76,87,73,86,61,90,70,90,82,88,67,90,73,92,77,89,68,90,72,89,78,91,72
230171,49,27,48,37,47,22,46,23,57,0,57,18,57,63,63,40,57,38,54,36,60,31,54,25,58,33,54,33,56,30,53,33,57,40,59,35,59,26,63,23,63,29,68,31
230728,75,53,73,58,70,41,72,43,74,53,73,44,74,53,72,54,72,52,72,53,66,46,71,48,71,46,73,59,69,49,73,53,74,49,73,45,74,46,74,44,74,44,71,42
230737,50,38,49,37,39,38,52,34,49,32,51,33,63,48,65,47,62,46,61,44,61,42,59,43,63,42,63,46,66,42,64,44,65,47,67,44,66,48,68,44,70,49,73,49
230764,80,67,85,41,83,53,77,52,80,60,83,63,85,64,85,72,87,66,88,67,88,66,89,67,89,64,90,63,90,63,89,55,89,63,89,56,87,59,85,55,85,62,86,64
231174,83,60,84,67,88,29,84,40,86,33,86,17,85,50,87,56,85,43,85,45,86,50,87,50,86,50,87,69,86,75,87,60,87,47,85,60,89,45,89,56,88,77,89,33
232706,67,17,75,50,73,40,68,75,71,67,73,67,70,71,66,17,70,80,75,29,72,0,81,100,73,67,79,40,78,67,72,75,72,88,71,0,79,57,75,80,76,0,73,67
233338,64,53,67,38,64,36,42,41,61,52,59,40,47,50,52,52,57,27,60,25,55,31,57,27,54,50,60,45,49,36,64,31,55,33,55,23,38,14,16,23,59,33,57,18
233921,87,5,87,45,88,54,89,41,93,0,91,0,91,75,92,43,91,50,92,40,91,67,93,75,94,85,93,56,93,63,93,25,93,84,93,75,92,81,91,71,92,75,93,56
234119,87,87,75,80,70,80,83,70,100,79,92,76,80,95,60,62,73,73,76,75,77,76,74,73,73,71,70,75,76,70,80,70,86,75,100,0,100,0,67,100,100,33,100,100
234827,77,41,80,50,78,39,79,44,77,38,75,33,78,47,75,43,78,55,74,53,74,72,79,75,79,55,76,63,73,39,70,60,71,46,70,46,69,40,68,36,69,52,70,52
235422,39,12,52,50,57,40,57,20,59,78,64,18,68,43,56,54,48,36,57,22,68,50,68,20,74,0,71,33,76,0,64,0,74,50,84,42,72,38,74,62,58,33,57,33
236939,85,47,84,46,85,47,82,50,84,55,82,38,84,40,82,44,84,59,82,59,80,55,79,59,78,40,79,58,81,56,79,48,79,53,81,49,81,56,81,55,80,53,78,40
236948,90,81,92,73,93,90,92,82,92,76,92,77,93,83,93,84,93,76,93,71,93,75,94,73,94,63,94,70,94,76,94,78,95,82,93,72,93,67,94,77,95,83,95,87
237242,90,95,87,88,90,90,92,86,52,28,85,74,92,75,82,70,85,72,81,81,94,80,97,67,88,60,75,64,88,77,100,100,100,100,95,80,88,100,12,100,17,0,31,0
237525,72,39,70,52,72,41,73,44,71,48,71,48,71,44,70,48,70,58,71,45,69,100,73,21,73,60,75,62,72,14,72,30,73,54,77,50,71,41,74,50,79,42,72,24
237792,68,60,71,52,69,39,70,39,67,36,65,47,66,44,70,60,68,70,63,45,68,22,68,63,66,38,60,29,65,40,69,50,71,22,73,29,66,33,70,57,72,78,71,71
237817,54,49,53,48,54,33,58,38,58,40,53,31,59,41,58,41,47,34,48,36,46,32,49,32,50,38,52,48,53,35,49,39,48,34,53,21,51,57,54,24,57,44,50,33
237899,60,55,58,47,58,48,61,39,53,39,61,63,60,50,52,43,58,41,50,25,52,50,58,27,59,33,58,67,59,30,55,22,61,0,60,25,56,44,61,50,63,20,57,50
238476,73,100,75,100,75,33,75,33,75,40,79,100,80,42,76,0,77,71,73,33,78,50,80,67,77,78,81,0,78,50,77,100,76,0,79,40,73,33,74,33,82,0,73,0
239372,71,52,66,63,69,66,69,67,72,68,72,69,71,63,67,52,63,55,66,61,74,60,75,63,75,64,75,64,72,61,73,47,73,62,87,65,78,64,79,64,75,68,79,72
240170,40,59,64,32,66,53,57,54,62,60,61,30,50,48,62,50,61,52,56,50,63,50,60,58,61,53,61,52,61,53,63,52,59,58,52,55,48,40,47,38,44,40,45,49
240392,79,95,53,50,48,40,21,27,72,52,74,30,66,47,58,46,47,39,35,50,43,50,33,50,39,33,30,45,50,50,33,33,30,25,75,57,45,58,51,44,48,55,40,77
240505,58,27,55,28,61,39,62,32,60,36,60,29,70,44,62,28,60,30,61,35,60,34,60,36,63,39,65,28,63,43,59,34,61,40,64,35,62,29,72,42,66,51,66,39
240596,65,47,60,28,63,29,54,29,56,36,60,31,63,19,51,21,55,34,45,28,61,28,67,36,53,35,67,29,57,33,63,18,57,42,61,48,66,42,68,42,57,42,68,39
240666,54,22,59,26,60,34,56,20,58,24,50,30,58,29,55,31,53,27,55,27,56,39,61,30,63,39,57,25,65,32,66,38,60,44,48,37,60,28,61,30,60,38,65,41
240709,74,78,78,79,83,86,80,86,73,75,71,73,18,17,29,25,26,33,39,44,43,40,52,50,66,58,65,60,73,71,76,75,79,73,58,61,60,100,64,86,69,75,70,67
240727,75,35,77,53,74,33,75,64,74,57,72,62,72,50,74,28,74,36,76,80,74,50,76,57,77,23,77,39,78,35,78,8,76,40,80,0,76,57,75,35,77,33,80,54
240754,65,54,67,55,61,42,63,37,63,40,65,48,67,50,67,50,69,42,76,53,70,53,76,55,77,57,76,53,72,49,73,40,77,47,75,53,72,35,76,25,76,50,77,36
241739,70,34,71,37,67,29,64,36,67,30,73,43,71,33,69,31,73,29,71,40,71,24,70,29,75,27,73,28,72,16,68,20,72,9,73,17,69,23,69,26,70,42,69,17
241766,94,33,70,87,70,82,88,63,95,71,95,85,87,61,89,69,70,80,83,68,85,85,92,72,89,75,91,81,96,84,76,74,94,79,71,86,69,79,83,90,100,77,88,83
242149,48,9,46,19,46,22,42,58,33,75,49,67,28,50,28,43,15,39,30,50,15,60,16,83,53,67,54,56,42,55,60,100,46,44,36,21,44,58,54,50,45,36,46,33
242617,74,83,77,20,69,67,69,3,75,29,75,79,79,40,75,78,75,38,74,60,80,50,81,50,79,17,71,33,80,33,78,20,80,50,80,18,75,21,81,25,79,14,80,20
242626,67,73,66,58,64,93,80,6,64,30,61,75,68,36,73,67,70,50,55,27,72,50,76,67,75,44,71,0,77,100,70,0,72,25,68,17,68,38,74,47,75,27,81,57
242635,69,79,75,53,64,50,59,4,72,42,74,71,76,32,76,43,76,50,76,33,75,0,73,27,73,67,76,0,73,30,70,17,74,42,73,22,70,31,65,67,75,29,71,0
242644,72,53,72,77,63,71,57,2,60,36,65,73,68,12,67,50,69,50,55,100,73,17,83,50,79,0,73,20,74,67,69,50,71,0,73,40,74,43,73,50,77,0,73,60
242653,71,64,91,48,66,93,64,5,72,37,69,51,71,43,71,57,73,60,66,27,71,53,74,23,72,25,71,14,72,33,69,33,74,20,64,15,69,15,70,53,73,45,76,0
242662,56,73,70,57,63,61,63,7,70,31,68,58,72,28,73,36,73,47,71,29,79,33,76,33,76,0,76,33,76,23,77,25,75,40,70,50,63,18,71,67,76,43,69,50
242680,70,76,66,62,63,70,58,5,65,50,65,67,72,35,73,45,71,38,74,75,76,38,73,0,74,50,74,50,77,50,70,60,75,25,74,20,64,0,68,0,69,27,76,29
242705,57,68,71,30,58,100,61,4,69,19,69,53,73,42,74,27,74,27,68,43,76,29,74,38,73,36,72,43,76,38,71,33,76,20,71,14,70,24,70,25,71,14,74,46
243346,65,53,58,34,62,28,63,41,68,48,70,48,73,54,73,53,74,50,72,51,70,43,69,32,77,35,75,28,72,34,70,22,79,22,73,35,72,31,67,33,70,15,75,16
243443,79,69,80,71,77,69,72,67,75,67,75,66,76,72,73,61,72,61,74,68,76,69,75,68,76,73,77,83,77,71,73,59,81,42,77,38,65,14,72,57,79,73,79,58
243577,67,63,75,60,74,62,72,49,74,25,76,45,71,37,69,48,71,33,75,20,77,44,78,56,77,50,85,79,89,79,82,54,87,68,77,44,75,39,77,35,77,50,78,54
243601,70,29,67,40,67,39,67,38,72,47,72,38,74,37,71,33,74,50,73,36,72,26,75,19,77,34,76,26,77,20,75,15,81,23,76,25,73,25,73,32,75,19,75,35
243665,76,59,67,74,72,32,71,38,75,42,73,29,75,56,72,54,70,58,70,57,68,48,75,45,73,38,75,52,67,37,77,43,66,50,63,33,63,30,66,47,76,35,69,57
243780,86,60,86,57,85,36,84,64,85,48,86,94,87,49,88,60,90,49,90,44,91,43,92,80,92,67,91,79,91,47,92,76,91,74,93,70,91,75,90,45,92,69,93,58
246017,70,59,50,25,32,63,83,59,44,43,53,86,31,66,26,58,31,30,22,35,39,51,28,38,39,29,21,14,17,16,19,15,29,19,16,91,25,87,20,71,17,70,26,57
247603,60,54,67,42,65,45,69,34,66,38,68,45,66,37,75,42,64,49,60,39,66,42,70,51,65,50,71,46,71,46,73,44,69,43,63,38,59,64,61,37,61,40,58,38
247940,61,35,55,46,55,17,59,42,65,51,64,43,64,66,58,45,59,42,59,43,60,45,52,40,54,28,59,44,58,45,61,44,62,42,65,42,62,46,63,53,72,59,69,56
248606,73,67,75,73,53,20,22,18,25,38,25,50,83,85,77,66,59,26,86,93,15,38,22,43,12,58,19,39,15,60,49,40,53,46,77,47,87,74,83,64,86,70,89,82
250993,61,63,21,23,95,74,4,4,3,0,48,35,86,91,57,60,74,65,77,64,64,38,63,53,67,56,63,69,53,54,50,58,57,53,68,56,68,39,71,34,62,44,64,64
363633,62,43,50,26,57,34,40,24,63,23,46,51,45,29,50,41,50,30,53,40,47,28,48,26,62,40,47,30,44,20,48,17,47,44,43,31,62,47,71,60,51,50,43,36
363679,80,79,89,91,84,81,96,73,74,70,70,100,81,80,91,91,87,90,70,29,83,25,66,62,76,86,74,78,90,67,89,74,78,68,74,25,22,0,91,75,63,33,56,93
364946,82,86,91,89,82,85,81,80,91,84,77,75,87,79,82,71,76,73,78,66,88,81,83,83,62,61,72,70,60,43,59,59,63,61,67,0,71,100,79,57,72,20,91,72
366401,71,44,74,49,72,48,71,49,74,44,75,46,54,29,75,44,75,46,77,53,83,52,77,52,75,50,78,55,82,57,79,53,79,57,78,48,79,49,79,50,83,46,81,46
368364,45,22,65,35,65,35,65,35,94,97,42,22,89,93,97,85,82,76,26,3,37,9,37,36,41,33,43,45,38,38,36,30,30,20,70,31,77,41,80,67,83,73,84,78
375656,64,35,83,40,59,13,61,85,47,100,45,22,50,50,53,63,24,13,30,13,33,11,22,6,37,13,35,17,25,17,79,43,80,100,83,76,71,100,67,89,88,100,75,100
375683,91,92,89,65,84,79,6,22,94,41,67,52,86,88,97,93,98,94,98,95,98,95,99,98,90,97,91,92,89,87,91,91,90,92,88,91,81,67,79,71,83,74,78,78
381699,77,80,72,76,78,81,78,83,79,80,73,75,20,50,33,40,39,33,44,33,46,42,50,50,65,60,67,63,77,78,76,83,79,71,55,60,50,67,57,75,68,75,73,67
383084,78,60,35,55,75,45,25,50,29,33,50,74,50,74,17,26,17,33,15,30,15,30,18,25,18,26,16,33,15,26,94,95,88,88,74,77,84,85,83,87,85,90,91,80
383996,39,33,43,32,34,8,37,28,41,27,39,22,42,33,44,50,51,29,41,33,33,4,45,53,37,33,39,33,44,36,39,50,48,33,31,40,36,25,54,18,50,31,33,25
395362,54,40,67,71,58,24,62,18,49,28,60,26,36,14,59,31,61,28,60,38,57,29,54,39,55,36,51,35,62,43,65,36,61,40,57,82,65,31,58,35,61,39,67,37
399212,68,45,67,53,69,42,68,46,70,48,74,30,51,18,71,32,74,36,79,41,76,50,77,48,75,49,75,52,72,53,75,41,73,48,71,28,72,54,73,48,72,38,71,40
404426,21,16,40,41,53,39,43,22,49,30,45,25,45,23,44,24,43,24,43,23,45,25,50,34,56,36,58,28,56,35,57,35,58,34,55,26,53,34,55,33,57,36,51,41
405872,66,40,65,37,66,34,60,39,65,36,63,43,67,48,68,43,69,44,74,44,70,47,71,60,67,55,67,53,70,52,74,56,72,46,68,45,69,54,67,57,69,54,74,53
407513,89,95,92,94,88,95,83,100,15,100,25,100,97,81,89,97,89,97,87,84,84,88,82,91,82,80,86,91,84,82,83,89,78,93,83,80,97,100,100,93,100,96,100,96
407683,88,33,93,51,83,90,93,75,78,86,70,80,92,69,91,100,84,79,67,82,57,71,77,94,86,64,88,56,93,46,93,46,93,46,95,46,95,46,70,70,77,74,75,84
418250,95,92,90,98,89,96,86,12,90,29,96,100,96,91,95,92,83,89,82,100,95,94,82,94,75,100,78,100,70,76,65,77,81,92,83,89,83,85,76,84,80,41,80,90
418348,73,50,42,38,27,53,68,64,63,58,74,46,63,40,59,46,69,38,54,29,64,48,60,37,62,46,60,56,66,57,81,57,76,46,71,48,72,53,83,59,84,82,86,80
418515,93,90,90,93,82,74,90,85,82,85,85,86,83,76,89,79,87,94,82,97,82,96,83,90,76,78,74,60,69,69,72,78,88,93,75,40,67,58,94,64,100,100,100,100
418533,84,69,79,67,72,68,84,72,74,71,79,75,79,87,87,72,81,76,76,88,70,85,85,83,70,78,76,80,90,89,82,67,82,67,70,90,83,70,78,57,92,100,81,100
419244,60,50,56,25,57,45,80,48,79,31,65,65,79,74,37,56,58,63,63,76,83,64,73,53,58,54,68,50,79,50,76,65,50,50,41,59,54,42,47,28,32,28,72,69
420440,57,50,54,44,46,36,36,70,53,38,43,30,90,52,53,57,54,43,52,66,63,50,61,43,60,47,60,44,60,54,60,43,66,44,60,34,52,41,53,34,47,37,57,37
423652,25,31,56,33,45,30,50,32,33,39,50,36,39,41,29,21,56,34,50,29,42,28,45,30,48,27,65,29,42,32,50,22,56,22,51,32,44,38,48,27,29,38,58,38
430935,70,60,26,74,89,32,55,45,63,40,57,50,65,67,68,36,55,63,55,50,56,50,62,50,57,43,60,64,72,65,61,62,62,63,63,67,65,65,53,73,48,77,47,64
431017,82,84,81,82,80,81,78,80,100,100,15,18,16,15,15,29,16,39,24,24,29,20,33,23,58,47,55,56,52,67,51,67,56,75,79,62,71,67,55,29,81,63,81,100
433068,60,53,75,77,64,67,72,70,52,44,93,70,60,52,61,70,48,62,59,55,83,61,73,49,62,53,57,60,43,67,35,7,31,15,64,27,60,75,67,76,87,60,81,63
434016,41,25,43,0,20,28,33,25,38,40,29,11,43,38,47,13,33,100,60,40,27,50,39,14,53,100,37,100,58,0,44,14,47,50,18,100,45,44,38,47,64,53,50,36
437103,54,41,47,32,50,36,46,34,45,35,40,39,47,35,49,37,49,33,53,39,44,36,48,36,42,25,43,27,45,30,52,32,48,28,48,18,53,32,56,25,54,20,53,15
441380,82,96,92,100,93,97,93,100,96,100,96,100,94,100,93,100,37,28,47,60,59,25,65,69,73,71,27,14,14,47,1,3,5,0,71,0,56,58,91,67,79,63,91,73
441760,55,37,46,29,46,40,41,38,54,34,51,37,51,41,38,29,47,32,41,41,51,41,51,42,56,43,53,40,59,47,61,49,59,57,61,46,54,46,58,48,48,47,68,53
443562,85,85,73,82,95,80,86,88,71,63,93,85,81,87,75,85,71,79,71,79,70,74,65,62,62,60,61,60,61,61,69,68,72,70,61,63,58,62,58,69,61,70,57,60
